0,2016,DODGE,DURANGO,"$34,991 ","12,234 miles"
0,2014,BMW,X5,"$34,991 ","32,206 miles"
1,2014,HONDA,CR-V,"$41,556 ","19,407 miles"
0,2016,MAZDA,CX-3 GRAND,"$41,556 ",50 miles
0,2013,HONDA,CR-V,"$17,913 ","60,701 miles"
0,2015,JEEP,GRAND CHEROKEE LIMITED,"$17,913 ","17,726 miles"
0,2014,NISSAN,MURANO,"$24,900 ","33,345 miles"
0,2015,JEEP,WRANGLER UNLIMITED,"$24,900 ","47,312 miles"
0,2008,HONDA,CR-V,"$13,996 ","133,951 miles"
0,2010,JEEP,WRANGLER,"$13,996 ","78,649 miles"
0,2017,NISSAN,ROGUE,"$35,991 ","11,535 miles"
0,2014,TOYOTA,HIGHLANDER,"$35,991 ","20,600 miles"
0,2012,MERCEDES-BENZ,GL-CLASS GL 350,"$23,680 ","78,742 miles"
0,2015,DODGE,DURANGO,"$23,680 ","21,997 miles"
0,2016,MINI,COOPER,"$21,995 ","21,863 miles"
0,2014,BMW,X3,"$21,995 ","38,810 miles"
0,2015,LEXUS,NX,"$26,780 ","25,427 miles"
0,2014,FORD,ESCAPE,"$26,780 ","36,590 miles"
0,2016,NISSAN,ROGUE,"$32,998 ","7,122 miles"
1,2015,HONDA,PILOT,"$14,980 ","34,844 miles"
1,2015,HONDA,PILOT,"$14,980 ","33,581 miles"
1,2016,HYUNDAI,SANTA FE LIMITED,"$18,995 ","37,340 miles"
1,2015,VOLKSWAGEN,TIGUAN,"$18,995 ","38,286 miles"
0,2015,NISSAN,ROGUE,"$34,980 ","2,903 miles"
0,2014,KIA,SPORTAGE,"$34,980 ","55,381 miles"
1,2014,ACURA,MDX,"$27,295 ","36,514 miles"
0,2016,NISSAN,ROGUE,"$27,295 ","1,671 miles"
1,2014,HONDA,CR-V,"$26,890 ","30,779 miles"
0,2015,NISSAN,ROGUE,"$12,933 ","22,161 miles"
0,2015,TOYOTA,HIGHLANDER LE,"$12,933 ","20,580 miles"
1,2015,LEXUS,RX 350 F,"$29,995 ","27,521 miles"
0,2011,MERCEDES-BENZ,GL-CLASS GL 450,"$29,995 ","94,035 miles"
0,2016,JEEP,GRAND CHEROKEE,"$34,998 ","5,123 miles"
1,2014,MAZDA,CX-5,"$34,998 ","33,650 miles"
1,2015,LEXUS,RX,"$19,990 ","29,660 miles"
1,2018,BMW,X4,"$19,990 ","4,745 miles"
0,2014,JEEP,WRANGLER UNLIMITED,"$33,991 ","28,073 miles"
0,2011,TOYOTA,RAV4,"$33,991 ","78,655 miles"
0,2017,FORD,ESCAPE,"$18,900 ","3,001 miles"
1,2016,HYUNDAI,TUCSON,"$32,995 ","33,339 miles"
0,2015,ACURA,RDX,"$32,995 ","47,950 miles"
1,2015,BMW,X5,"$50,999 ","45,320 miles"
1,2016,MAZDA,CX-3,"$19,974 ","17,446 miles"
0,2015,BMW,X5,"$19,974 ","26,613 miles"
0,2015,JEEP,GRAND CHEROKEE LIMITED,"$37,595 ","34,796 miles"
0,2015,BMW,X5,"$28,991 ","51,201 miles"
1,2015,BMW,X1,"$28,991 ","38,165 miles"
0,2017,JEEP,GRAND CHEROKEE LIMITED,"$18,995 ","4,834 miles"
0,2007,TOYOTA,RAV4,"$18,995 ","142,188 miles"
0,2015,JEEP,GRAND CHEROKEE,"$42,995 ","35,297 miles"
0,2012,CHEVROLET,CAPTIVA SPORT,"$42,995 ","135,482 miles"
0,2016,MAZDA,CX-5,"$26,654 ","32,907 miles"
0,2016,TOYOTA,RAV4,"$26,654 ","41,467 miles"
0,2015,TOYOTA,HIGHLANDER LE,"$34,991 ","28,294 miles"
0,2014,LAND,ROVER RANGE ROVER SPORT,"$34,991 ","67,392 miles"
0,2014,JEEP,COMPASS,"$6,995 ","28,006 miles"
1,2014,HONDA,PILOT,"$23,480 ","38,925 miles"
1,2017,VOLKSWAGEN,TIGUAN,"$23,480 ","9,081 miles"
0,2016,MITSUBISHI,OUTLANDER SPORT,"$19,782 ","18,294 miles"
0,2006,JEEP,GRAND CHEROKEE,"$19,782 ","127,207 miles"
0,2011,BMW,X5 XDRIVE35I,"$21,496 ","112,127 miles"
1,2016,VOLKSWAGEN,TOUAREG,"$21,496 ","12,884 miles"
1,2015,FORD,EXPLORER,"$8,995 ","50,910 miles"
1,2012,HONDA,PILOT,"$8,995 ","52,890 miles"
1,2015,LEXUS,GX 460,"$14,933 ","17,962 miles"
1,2015,BMW,X5,"$14,933 ","44,093 miles"
0,2015,JEEP,WRANGLER UNLIMITED,"$33,483 ","35,678 miles"
1,2017,VOLKSWAGEN,TIGUAN,"$33,483 ","12,387 miles"
0,2014,JEEP,PATRIOT,"$26,239 ","36,160 miles"
0,2014,JEEP,GRAND CHEROKEE LIMITED,"$26,239 ","35,395 miles"
0,2011,HONDA,ACCORD CROSSTOUR,"$23,945 ","58,133 miles"
1,2014,HONDA,CR-V,"$18,046 ","17,977 miles"
0,2015,MAZDA,CX-5 GRAND,"$18,046 ","27,702 miles"
0,2016,BMW,X5,"$18,995 ","28,280 miles"
0,2010,LEXUS,RX,"$18,995 ","53,827 miles"
0,2015,SUBARU,FORESTER 2.5I,"$51,678 ","57,184 miles"
0,2013,BMW,X5,"$18,491 ","46,566 miles"
0,2012,MERCEDES-BENZ,GL-CLASS GL 450,"$18,491 ","91,758 miles"
0,2015,JEEP,GRAND CHEROKEE LIMITED,"$37,995 ","34,210 miles"
0,2014,JEEP,PATRIOT,"$37,995 ","23,103 miles"
0,2015,JEEP,GRAND CHEROKEE,"$18,999 ","10,905 miles"
0,2014,TOYOTA,HIGHLANDER,"$18,999 ","18,474 miles"
0,2015,VOLKSWAGEN,TIGUAN,"$29,933 ","39,609 miles"
0,2015,JEEP,GRAND CHEROKEE LIMITED,"$29,933 ","34,834 miles"
0,2016,JEEP,PATRIOT,"$21,990 ","37,815 miles"
1,2015,HYUNDAI,TUCSON,"$18,980 ","27,742 miles"
0,2015,DODGE,DURANGO,"$18,980 ","17,628 miles"
0,2014,JEEP,WRANGLER UNLIMITED,"$36,700 ","78,235 miles"
1,2015,FORD,EXPLORER,"$36,700 ","50,550 miles"
0,2011,HONDA,CR-V,"$27,596 ","61,736 miles"
0,2014,FORD,ESCAPE,"$27,596 ","25,678 miles"
0,2016,AUDI,Q3 PREMIUM,"$31,266 ","32,957 miles"
1,2017,BMW,X1,"$31,266 ","5,779 miles"
0,2015,TOYOTA,RAV4 LIMITED,"$13,913 ","63,960 miles"
0,2014,BMW,X5,"$13,913 ","36,033 miles"
1,2016,VOLKSWAGEN,TIGUAN,"$17,662 ","17,962 miles"
0,2015,JEEP,CHEROKEE,"$17,662 ","38,621 miles"
1,2016,LEXUS,RX 350,"$28,750 ","25,986 miles"
1,2015,BMW,X3,"$28,750 ","32,028 miles"
0,2015,JEEP,GRAND CHEROKEE,"$33,999 ","33,727 miles"
0,2015,ACURA,MDX,"$34,995 ","29,625 miles"
0,2013,TOYOTA,4RUNNER LIMITED,"$34,995 ","49,353 miles"
0,2014,JEEP,GRAND CHEROKEE LIMITED,"$32,992 ","32,281 miles"
0,2015,VOLVO,XC60 T5 PREMIER,"$32,992 ","31,131 miles"
1,2014,HONDA,CR-V,"$26,991 ","43,531 miles"
0,2014,NISSAN,MURANO,"$26,991 ","28,561 miles"
0,2013,LEXUS,GX,"$22,995 ","40,788 miles"
0,2011,LEXUS,RX 350,"$19,880 ","61,180 miles"
0,2017,JEEP,CHEROKEE,"$19,880 ","20,383 miles"
1,2015,LEXUS,GX 460,"$20,891 ","49,709 miles"
0,2012,JEEP,GRAND CHEROKEE,"$33,698 ","81,575 miles"
0,2011,CHEVROLET,SUBURBAN 1500,"$33,698 ","92,920 miles"
0,2014,NISSAN,PATHFINDER,"$32,992 ","68,595 miles"
0,2010,NISSAN,XTERRA,"$13,980 ","107,729 miles"
0,2015,JEEP,CHEROKEE,"$13,980 ","29,259 miles"
0,2014,TOYOTA,HIGHLANDER,"$21,492 ","65,165 miles"
1,2016,LEXUS,GX,"$21,492 ","19,502 miles"
0,2014,NISSAN,ROGUE,"$26,992 ","32,693 miles"
1,2014,VOLKSWAGEN,TIGUAN SE,"$46,095 ","29,461 miles"
1,2014,LEXUS,GX,"$46,095 ","34,926 miles"
0,2014,LAND,ROVER,"$14,995 ","49,286 miles"
1,2015,BMW,X5,"$14,995 ","49,315 miles"
1,2016,VOLKSWAGEN,TIGUAN,"$32,470 ","26,144 miles"
0,2014,BMW,X5,"$32,470 ","37,291 miles"
0,2017,DODGE,JOURNEY,"$19,485 ","13,065 miles"
0,2015,FORD,EXPLORER LIMITED,"$19,485 ","41,906 miles"
0,2011,HONDA,CR-V,"$37,595 ","28,424 miles"
0,2017,BMW,X1,"$37,988 ","4,624 miles"
1,2013,HONDA,CR-V,"$37,988 ","38,384 miles"
0,2012,MERCEDES-BENZ,M-CLASS ML 350,"$19,995 ","62,871 miles"
0,2014,HONDA,CR-V,"$26,895 ","41,240 miles"
0,2015,KIA,SORENTO,"$26,895 ","13,549 miles"
0,2014,MERCEDES-BENZ,M-CLASS ML 350,"$24,995 ","57,715 miles"
1,2014,HONDA,CR-V,"$24,995 ","34,010 miles"
0,2016,TOYOTA,4RUNNER,"$18,480 ","35,746 miles"
0,2013,NISSAN,PATHFINDER,"$18,480 ","56,842 miles"
1,2015,HONDA,CR-V,"$14,933 ","32,642 miles"
1,2015,BMW,X5,"$14,933 ","26,823 miles"
1,2014,HONDA,CR-V,"$26,995 ","43,051 miles"
0,2011,KIA,SPORTAGE,"$26,995 ","61,693 miles"
1,2014,HONDA,CR-V,"$17,218 ","22,729 miles"
0,2017,BMW,X1,"$39,995 ","6,581 miles"
1,2016,HONDA,PILOT,"$39,995 ","13,839 miles"
1,2014,HONDA,CR-V,"$34,913 ","50,560 miles"
1,2013,TOYOTA,RAV4,"$34,913 ","42,393 miles"
0,2014,JEEP,PATRIOT,"$15,356 ","39,995 miles"
0,2016,LEXUS,NX,"$15,995 ","18,978 miles"
0,2017,MAZDA,CX-3,"$15,995 ","6,334 miles"
1,2015,LEXUS,NX 200T F,"$32,800 ","23,516 miles"
1,2015,HONDA,PILOT,"$32,800 ","32,059 miles"
0,2017,JEEP,COMPASS,"$14,597 ","10,267 miles"
0,2012,GMC,ACADIA,"$14,597 ","55,005 miles"
0,2011,AUDI,Q5 PREMIUM,"$33,995 ","91,395 miles"
0,2010,LAND,ROVER RANGE ROVER SPORT,"$33,995 ","47,326 miles"
1,2014,HONDA,PILOT,"$19,888 ","41,981 miles"
0,2015,LEXUS,RX,"$24,995 ","34,328 miles"
0,2012,HONDA,ACCORD CROSSTOUR,"$32,481 ","38,045 miles"
1,2015,HONDA,CR-V,"$32,481 ","38,398 miles"
0,2015,JEEP,WRANGLER UNLIMITED,"$18,513 ","28,138 miles"
0,2012,MERCEDES-BENZ,M-CLASS ML 350,"$18,513 ","77,001 miles"
0,2014,BMW,X6,"$36,995 ","42,102 miles"
0,2015,MAZDA,CX-5 GRAND,"$27,797 ","24,195 miles"
0,2014,FORD,EXPLORER,"$27,797 ","59,745 miles"
0,2014,MAZDA,CX-9,"$36,995 ","35,307 miles"
1,2014,FORD,EDGE,"$36,995 ","34,350 miles"
1,2015,FORD,EXPLORER,"$21,990 ","21,860 miles"
0,2015,HYUNDAI,TUCSON,"$14,991 ","22,584 miles"
1,2015,HYUNDAI,TUCSON,"$14,991 ","38,239 miles"
0,2015,HONDA,PILOT,"$16,980 ","49,364 miles"
1,2015,BMW,X3,"$27,995 ","22,547 miles"
0,2017,BMW,X3,"$27,995 ","3,124 miles"
0,2016,MINI,COOPER,"$66,900 ","10,408 miles"
0,2014,JEEP,CHEROKEE,"$66,900 ","36,642 miles"
0,2014,SUBARU,XV CROSSTREK,"$31,998 ","17,933 miles"
0,2014,SUBARU,XV CROSSTREK,"$31,998 ","16,227 miles"
1,2014,FORD,ESCAPE,"$45,988 ","50,220 miles"
0,2017,JEEP,GRAND CHEROKEE LIMITED,"$45,988 ","17,879 miles"
1,2014,BMW,X1,"$22,999 ","20,400 miles"
0,2013,AUDI,Q5 PREMIUM,"$22,999 ","83,165 miles"
1,2015,ACURA,MDX,"$18,995 ","56,381 miles"
0,2012,BMW,X5 XDRIVE35I,"$18,980 ","83,183 miles"
1,2017,SUBARU,FORESTER 2.5I,"$18,980 ","6,514 miles"
0,2017,BMW,X3,"$24,160 ","4,951 miles"
1,2015,MAZDA,CX-5,"$24,160 ","36,122 miles"
0,2011,TOYOTA,RAV4,"$45,998 ","36,734 miles"
0,2016,JEEP,COMPASS HIGH ALTITUDE,"$45,998 ","10,340 miles"
0,2008,GMC,ACADIA SLE,"$19,900 ","139,364 miles"
0,2012,JEEP,WRANGLER UNLIMITED,"$19,900 ","41,310 miles"
1,2014,BMW,X3,"$11,995 ","30,877 miles"
0,2014,NISSAN,ROGUE SELECT,"$11,995 ","35,340 miles"
0,2017,BMW,X5,"$16,886 ","4,650 miles"
1,2014,BMW,X6,"$8,995 ","20,540 miles"
0,2014,NISSAN,ROGUE,"$8,995 ","22,904 miles"
0,2015,MAZDA,CX-5 GRAND,"$26,995 ","45,376 miles"
0,2012,JEEP,GRAND CHEROKEE,"$18,992 ","83,565 miles"
1,2016,HONDA,CR-V,"$18,992 ","4,263 miles"
0,2015,JEEP,GRAND CHEROKEE LIMITED,"$28,495 ","44,529 miles"
1,2016,VOLKSWAGEN,TIGUAN,"$28,495 ","22,549 miles"
0,2012,DODGE,DURANGO,"$26,991 ","80,575 miles"
0,2015,HONDA,CR-V,"$26,991 ","76,136 miles"
0,2017,BMW,X1,"$18,797 ","3,126 miles"
1,2013,MAZDA,CX-5,"$18,797 ","25,456 miles"
0,2015,BMW,X5,"$19,888 ","58,940 miles"
1,2015,VOLKSWAGEN,TIGUAN,"$19,888 ","26,964 miles"
1,2017,MAZDA,CX-9,"$19,795 ","19,250 miles"
0,2014,MINI,COOPER COUNTRYMAN,"$19,795 ","48,734 miles"
0,2013,JEEP,GRAND CHEROKEE,"$39,998 ","62,351 miles"
1,2017,MAZDA,CX-9 GRAND,"$39,998 ","14,282 miles"
1,2015,VOLKSWAGEN,TIGUAN,"$16,974 ","46,861 miles"
1,2015,LEXUS,RX,"$35,495 ","14,116 miles"
0,2010,JEEP,LIBERTY,"$35,495 ","79,083 miles"
1,2015,FORD,EXPLORER,"$9,495 ","37,100 miles"
1,2015,ACURA,RDX,"$9,495 ","20,209 miles"
0,2014,FORD,EXPLORER,"$31,730 ","43,168 miles"
0,2014,MINI,COOPER COUNTRYMAN,"$31,730 ","38,315 miles"
0,2014,NISSAN,MURANO,"$28,970 ","21,947 miles"
0,2012,HONDA,ACCORD CROSSTOUR,"$21,991 ","69,707 miles"
1,2016,FORD,FLEX,"$21,991 ","35,650 miles"
0,2008,NISSAN,ROGUE,"$17,987 ","94,367 miles"
0,2014,NISSAN,ROGUE,"$17,987 ","33,600 miles"
1,2014,MAZDA,CX-9,"$17,885 ","29,056 miles"
0,2016,NISSAN,MURANO,"$17,885 ","11,806 miles"
0,2013,JEEP,WRANGLER,"$8,800 ","72,152 miles"
0,2016,LEXUS,RX,"$44,995 ","8,612 miles"
0,2016,MINI,COOPER COUNTRYMAN,"$44,995 ","48,769 miles"
0,2014,KIA,SPORTAGE,"$22,897 ","33,236 miles"
1,2016,HONDA,PILOT,"$22,897 ","47,276 miles"
0,2013,DODGE,DURANGO,"$13,933 ","36,646 miles"
1,2014,ACURA,MDX,"$35,995 ","45,907 miles"
0,2015,VOLKSWAGEN,TIGUAN,"$7,995 ","16,506 miles"
0,2011,MERCEDES-BENZ,GL-CLASS GL 450,"$7,995 ","69,869 miles"
1,2014,HONDA,CR-V,"$23,991 ","35,918 miles"
0,2016,LAND,ROVER RANGE ROVER SPORT,"$23,991 ","12,903 miles"
1,2014,HONDA,CR-V,"$26,988 ","31,286 miles"
0,2017,MERCEDES-BENZ,GLE 350,"$26,988 ","6,851 miles"
0,2014,LEXUS,RX,"$30,000 ","32,174 miles"
1,2015,BMW,X5,"$41,886 ","43,026 miles"
1,2015,VOLKSWAGEN,TIGUAN,"$41,886 ","41,574 miles"
0,2016,NISSAN,ROGUE,"$16,895 ","35,707 miles"
1,2017,MAZDA,CX-3,"$16,895 ","7,405 miles"
0,2014,JEEP,GRAND CHEROKEE LIMITED,"$13,995 ","51,974 miles"
0,2015,CHEVROLET,TRAX,"$21,250 ","4,493 miles"
1,2015,HONDA,PILOT,"$21,250 ","59,753 miles"
0,2015,AUDI,Q5,"$23,495 ","28,007 miles"
0,2015,NISSAN,PATHFINDER,"$9,188 ","30,953 miles"
1,2014,BMW,X1,"$9,188 ","24,139 miles"
0,2011,HONDA,PILOT,"$17,388 ","81,224 miles"
1,2015,ACURA,MDX,"$17,388 ","53,040 miles"
0,2016,DODGE,DURANGO,"$27,355 ","17,017 miles"
0,2016,NISSAN,MURANO,"$22,992 ","35,426 miles"
0,2010,NISSAN,MURANO,"$22,992 ","123,564 miles"
0,2015,LEXUS,GX,"$10,495 ","40,162 miles"
0,2016,HONDA,PILOT,"$10,495 ","23,831 miles"
0,2014,GMC,ACADIA,"$37,496 ","45,030 miles"
0,2015,JEEP,GRAND CHEROKEE LIMITED,"$37,496 ","61,148 miles"
0,2008,JEEP,WRANGLER UNLIMITED,"$33,862 ","52,932 miles"
0,2015,CHEVROLET,EQUINOX LT,"$33,862 ","55,324 miles"
0,2017,MITSUBISHI,OUTLANDER SPORT,"$27,988 ","13,466 miles"
0,2008,LEXUS,GX,"$27,988 ","78,465 miles"
1,2017,BMW,X5,"$26,895 ","3,478 miles"
0,2014,NISSAN,ROGUE,"$26,895 ","32,531 miles"
0,2017,BMW,X1,"$17,991 ","4,660 miles"
1,2016,ACURA,RDX,"$17,991 ","8,756 miles"
1,2013,ACURA,RDX,"$13,995 ","60,393 miles"
1,2014,MAZDA,CX-5,"$16,900 ","40,040 miles"
0,2006,HONDA,ELEMENT,"$16,900 ","98,708 miles"
0,2015,BMW,X5,"$7,900 ","44,848 miles"
0,2015,AUDI,Q5,"$7,900 ","35,665 miles"
1,2015,LEXUS,RX 350,"$35,588 ","31,355 miles"
1,2014,BMW,X5,"$35,588 ","37,240 miles"
0,2016,VOLVO,XC90 T6,"$30,000 ","37,628 miles"
0,2015,TOYOTA,RAV4 LIMITED,"$30,000 ","28,492 miles"
0,2011,MAZDA,CX-9,"$31,995 ","81,404 miles"
0,2017,BMW,X5,"$31,995 ","4,374 miles"
1,2015,FORD,EXPLORER,"$40,998 ","46,570 miles"
0,2014,SUBARU,XV CROSSTREK,"$40,998 ","82,951 miles"
0,2011,LEXUS,RX,"$40,795 ","46,919 miles"
1,2017,BMW,X4,"$40,795 ","11,856 miles"
0,2015,MAZDA,CX-5 GRAND,"$22,888 ","35,016 miles"
1,2016,CHEVROLET,TRAX,"$20,917 ","22,384 miles"
1,2017,BMW,X1,"$20,917 ","11,675 miles"
1,2015,BMW,X1,"$36,872 ","15,914 miles"
1,2015,FORD,EXPLORER,"$36,872 ","31,970 miles"
1,2015,HONDA,PILOT,"$23,888 ","26,400 miles"
0,2017,MERCEDES-BENZ,GLC 300,"$23,888 ","4,882 miles"
1,2014,MAZDA,CX-9,"$27,998 ","48,427 miles"
0,2015,AUDI,Q7 PREMIUM,"$27,998 ","37,625 miles"
1,2015,BMW,X4,"$47,496 ","30,089 miles"
0,2015,NISSAN,MURANO,"$47,496 ","14,980 miles"
1,2014,MAZDA,CX-5,"$9,995 ","40,481 miles"
0,2017,JEEP,PATRIOT,"$9,995 ",381 miles
0,2015,CHEVROLET,EQUINOX LT,"$23,900 ","31,085 miles"
0,2014,CHEVROLET,EQUINOX LT,"$16,995 ","50,891 miles"
0,2017,BMW,X3,"$16,995 ","10,318 miles"
0,2015,JEEP,GRAND CHEROKEE LIMITED,"$40,999 ","68,596 miles"
0,2009,LAND,ROVER RANGE ROVER SPORT,"$40,999 ","93,441 miles"
0,2015,MINI,COOPER COUNTRYMAN,"$22,850 ","29,456 miles"
1,2014,JEEP,GRAND CHEROKEE LIMITED,"$15,795 ","33,384 miles"
0,2015,JEEP,GRAND CHEROKEE,"$15,795 ","43,341 miles"
0,2015,KIA,SORENTO,"$34,000 ","56,161 miles"
0,2012,BMW,X5,"$34,000 ","33,411 miles"
0,2011,BMW,X5,"$23,997 ","75,820 miles"
1,2016,FORD,EXPEDITION EL,"$23,997 ","34,520 miles"
0,2007,HONDA,CR-V,"$26,988 ","102,589 miles"
0,2015,MERCEDES-BENZ,M-CLASS ML 350,"$26,988 ","47,365 miles"
1,2015,MAZDA,CX-5,"$33,288 ","33,684 miles"
0,2013,TOYOTA,RAV4,"$16,993 ","46,083 miles"
1,2014,LEXUS,GX 460,"$16,993 ","26,554 miles"
0,2013,TOYOTA,RAV4 LIMITED,"$39,696 ","43,107 miles"
0,2016,MINI,COOPER COUNTRYMAN,"$39,696 ","6,631 miles"
0,2014,AUDI,Q5,"$17,996 ","59,655 miles"
1,2014,HONDA,CR-V,"$17,996 ","25,248 miles"
1,2015,MAZDA,CX-5 GRAND,"$29,997 ","31,934 miles"
0,2013,JEEP,WRANGLER,"$29,997 ","52,540 miles"
0,2014,JEEP,GRAND CHEROKEE LIMITED,"$29,586 ","32,034 miles"
0,2011,MERCEDES-BENZ,GL-CLASS GL 350,"$29,586 ","90,962 miles"
0,2015,JEEP,WRANGLER,"$18,765 ","22,009 miles"
1,2015,VOLKSWAGEN,TIGUAN SE,"$18,765 ","34,477 miles"
1,2015,MAZDA,CX-5,"$21,500 ","34,982 miles"
0,2014,BMW,X3,"$21,500 ","28,778 miles"
1,2017,BMW,X5,"$22,988 ","5,208 miles"
0,2015,TOYOTA,RAV4,"$21,554 ","17,672 miles"
1,2015,LEXUS,NX,"$21,554 ","34,542 miles"
1,2016,ACURA,MDX ADVANCE,"$30,696 ","8,728 miles"
0,2016,LAND,ROVER DISCOVERY SPORT,"$30,696 ","28,595 miles"
0,2011,HONDA,PILOT,"$44,500 ","63,524 miles"
0,2010,HONDA,CR-V,"$44,500 ","83,600 miles"
0,2004,HONDA,CR-V,"$29,894 ","133,659 miles"
1,2014,HONDA,CR-V,"$18,995 ","21,831 miles"
0,2013,NISSAN,PATHFINDER,"$18,995 ","79,055 miles"
0,2015,TOYOTA,RAV4,"$14,995 ","13,901 miles"
0,2007,JEEP,GRAND CHEROKEE,"$14,995 ","77,794 miles"
0,2014,JEEP,PATRIOT,"$36,568 ","30,814 miles"
0,2014,KIA,SORENTO,"$5,980 ","70,247 miles"
1,2014,HONDA,CR-V,"$16,998 ","37,554 miles"
0,2017,HYUNDAI,SANTA FE,"$16,998 ","17,872 miles"
1,2015,ACURA,RDX,"$20,990 ","16,892 miles"
0,2016,GMC,YUKON,"$20,990 ","14,440 miles"
1,2014,NISSAN,ROGUE,"$29,000 ","19,524 miles"
1,2017,MAZDA,CX-3 GRAND,"$29,000 ","6,000 miles"
0,2013,HYUNDAI,SANTA FE,"$50,766 ","44,595 miles"
0,2008,NISSAN,PATHFINDER,"$50,766 ","125,053 miles"
1,2014,HONDA,CR-V,"$17,980 ","19,202 miles"
1,2014,HONDA,CR-V,"$17,980 ","12,136 miles"
1,2015,BMW,X3,"$24,200 ","30,132 miles"
0,2014,HONDA,CR-V,"$24,200 ","49,637 miles"
1,2014,HONDA,CR-V,"$17,900 ","47,436 miles"
0,2014,NISSAN,ROGUE,"$17,900 ","25,643 miles"
1,2015,MAZDA,CX-5,"$9,995 ","40,892 miles"
0,2013,LAND,ROVER RANGE ROVER EVOQUE,"$31,991 ","15,152 miles"
0,2011,LEXUS,RX,"$31,991 ","51,888 miles"
0,2005,BMW,X3,"$20,695 ","114,701 miles"
1,2015,HONDA,PILOT,"$20,695 ","32,806 miles"
0,2013,TOYOTA,RAV4 LIMITED,"$7,333 ","27,800 miles"
0,2015,HONDA,CR-V,"$7,333 ","49,510 miles"
0,2016,MAZDA,CX-5,"$27,495 ","28,394 miles"
0,2015,LAND,ROVER RANGE ROVER SPORT,"$27,495 ","26,577 miles"
0,2016,KIA,SPORTAGE,"$23,000 ","37,530 miles"
1,2016,ACURA,MDX,"$23,000 ","53,325 miles"
1,2015,VOLKSWAGEN,TIGUAN,"$23,994 ","18,610 miles"
0,2011,NISSAN,ROGUE,"$21,483 ","37,604 miles"
0,2012,MERCEDES-BENZ,M-CLASS ML 350,"$21,483 ","76,517 miles"
0,2014,MAZDA,CX-9 GRAND,"$58,900 ","31,992 miles"
0,2015,JEEP,GRAND CHEROKEE,"$31,900 ","38,312 miles"
0,2013,NISSAN,ROGUE,"$31,900 ","66,980 miles"
0,2011,HONDA,CR-V,"$12,933 ","66,999 miles"
1,2015,HONDA,CR-V,"$12,933 ","44,903 miles"
1,2014,BMW,X5,"$13,993 ","29,481 miles"
0,2010,ACURA,MDX,"$13,993 ","82,813 miles"
0,2014,NISSAN,ROGUE,"$18,398 ","33,220 miles"
0,2016,NISSAN,ROGUE,"$18,398 ","7,029 miles"
0,2011,ACURA,MDX,"$42,987 ","99,000 miles"
0,2014,KIA,SPORTAGE,"$42,987 ","36,072 miles"
0,2015,MERCEDES-BENZ,GL-CLASS GL 350,"$18,296 ","29,833 miles"
0,2014,ACURA,MDX,"$18,296 ","72,485 miles"
1,2017,LAND,ROVER DISCOVERY SPORT,"$13,991 ","2,431 miles"
0,2016,BMW,X6,"$13,991 ","7,118 miles"
1,2014,HONDA,CR-V,"$16,633 ","35,613 miles"
0,2013,LEXUS,LX,"$39,995 ","114,170 miles"
0,2013,MERCEDES-BENZ,M-CLASS ML 350,"$39,995 ","77,277 miles"
0,2011,BMW,X5 XDRIVE35I,"$26,990 ","73,701 miles"
0,2018,BMW,X4,"$26,990 ","6,202 miles"
1,2015,BMW,X5,"$16,999 ","27,846 miles"
0,2014,DODGE,DURANGO,"$16,999 ","33,889 miles"
0,2014,MINI,COOPER COUNTRYMAN JOHN COOPER,"$58,987 ","33,870 miles"
0,2008,BMW,X3,"$58,987 ","98,652 miles"
0,2012,FORD,EXPLORER,"$46,136 ","95,949 miles"
0,2013,AUDI,Q5 PREMIUM,"$46,136 ","69,579 miles"
0,2014,JEEP,WRANGLER UNLIMITED,"$33,991 ","26,811 miles"
1,2015,LEXUS,NX,"$33,991 ","30,416 miles"
1,2017,BMW,X1,"$25,995 ","8,740 miles"
0,2017,NISSAN,ROGUE,"$25,995 ","1,002 miles"
0,2013,MINI,COOPER COUNTRYMAN,"$9,474 ","55,015 miles"
0,2015,FORD,ESCAPE,"$18,661 ","50,948 miles"
0,2015,JEEP,PATRIOT,"$18,661 ","12,242 miles"
0,2015,GMC,YUKON,"$16,991 ","47,573 miles"
0,2017,FORD,EXPLORER LIMITED,"$16,991 ","39,232 miles"
0,2015,AUDI,Q5 PREMIUM,"$45,495 ","40,554 miles"
0,2014,NISSAN,JUKE,"$45,495 ","19,555 miles"
0,2010,LAND,ROVER RANGE ROVER,"$32,495 ","55,565 miles"
0,2010,FORD,FLEX,"$32,495 ","155,911 miles"
0,2015,FORD,ESCAPE,"$29,500 ","64,234 miles"
0,2015,JEEP,GRAND CHEROKEE,"$29,500 ","30,755 miles"
0,2014,NISSAN,PATHFINDER HYBRID,"$13,995 ","41,260 miles"
0,2015,TOYOTA,HIGHLANDER,"$13,995 ","25,869 miles"
0,2012,JEEP,WRANGLER,"$24,495 ","36,774 miles"
0,2014,NISSAN,PATHFINDER,"$24,495 ","42,613 miles"
0,2017,JEEP,RENEGADE,"$8,995 ","14,812 miles"
0,2015,JEEP,CHEROKEE LIMITED,"$20,990 ","28,027 miles"
0,2014,NISSAN,PATHFINDER,"$20,990 ","50,606 miles"
0,2016,JEEP,RENEGADE,"$19,995 ","18,328 miles"
0,2017,HONDA,CR-V,"$19,995 ","7,980 miles"
0,2014,TOYOTA,HIGHLANDER,"$16,995 ","143,521 miles"
1,2014,CHEVROLET,TAHOE,"$16,995 ","68,299 miles"
0,2006,HONDA,ELEMENT,"$28,776 ","144,394 miles"
0,2017,BMW,X3,"$28,776 ","6,090 miles"
0,2015,TOYOTA,HIGHLANDER,"$19,980 ","25,140 miles"
0,2015,TOYOTA,RAV4 LIMITED,"$19,980 ","22,682 miles"
0,2015,TOYOTA,RAV4 LIMITED,"$32,655 ","32,490 miles"
0,2017,BMW,X3,"$32,655 ","2,584 miles"
0,2015,DODGE,JOURNEY,"$7,999 ","40,074 miles"
0,2017,HYUNDAI,SANTA FE,"$7,999 ","6,877 miles"
0,2017,MERCEDES-BENZ,GLS 450,"$36,888 ","1,590 miles"
0,2010,JEEP,GRAND CHEROKEE,"$13,082 ","83,920 miles"
0,2017,JEEP,CHEROKEE,"$13,082 ","13,372 miles"
0,2015,GMC,YUKON,"$24,991 ","89,933 miles"
0,2014,TOYOTA,RAV4,"$24,991 ","21,676 miles"
0,2017,NISSAN,ROGUE,"$33,995 ","16,785 miles"
0,2014,JEEP,GRAND CHEROKEE LIMITED,"$33,995 ","60,430 miles"
1,2017,ACURA,MDX,"$19,992 ","4,197 miles"
1,2015,ACURA,MDX,"$19,992 ","30,885 miles"
0,2014,VOLKSWAGEN,TIGUAN,"$25,495 ","20,137 miles"
0,2009,MERCEDES-BENZ,M-CLASS ML 350,"$22,880 ","131,183 miles"
0,2015,SUBARU,FORESTER 2.5I,"$22,880 ","33,050 miles"
0,2013,DODGE,DURANGO,"$44,660 ","38,847 miles"
0,2016,TOYOTA,HIGHLANDER,"$44,660 ","15,128 miles"
0,2016,FORD,EDGE,"$34,500 ","48,149 miles"
0,2014,JEEP,PATRIOT,"$16,197 ","25,242 miles"
0,2014,HONDA,CR-V,"$16,197 ","33,450 miles"
0,2017,DODGE,JOURNEY,"$15,995 ","11,157 miles"
0,2014,JEEP,GRAND CHEROKEE,"$15,995 ","29,614 miles"
1,2017,BMW,X6,"$21,991 ","6,209 miles"
0,2012,MERCEDES-BENZ,R-CLASS R 350,"$21,991 ","72,212 miles"
1,2014,HONDA,CR-V,"$25,495 ","36,821 miles"
0,2012,JEEP,GRAND CHEROKEE,"$25,495 ","80,691 miles"
0,2008,HUMMER,H3,"$69,888 ","97,989 miles"
0,2016,MAZDA,CX-5,"$69,888 ","16,249 miles"
0,2015,JEEP,WRANGLER,"$17,990 ","30,000 miles"
1,2016,HONDA,CR-V,"$17,990 ","16,766 miles"
0,2014,HONDA,CR-V,"$15,588 ","48,403 miles"
1,2017,DODGE,DURANGO,"$15,588 ","12,521 miles"
0,2017,MERCEDES-BENZ,GLE 350,"$19,988 ","9,405 miles"
0,2008,TOYOTA,4RUNNER,"$11,995 ","128,101 miles"
1,2015,BMW,X3,"$11,995 ","17,247 miles"
0,2017,CADILLAC,ESCALADE,"$31,988 ","8,818 miles"
1,2015,ACURA,MDX ADVANCE,"$33,970 ","43,571 miles"
0,2013,CHEVROLET,TRAVERSE LT,"$33,970 ","64,431 miles"
0,2016,NISSAN,PATHFINDER,"$69,900 ","25,373 miles"
0,2015,SUBARU,FORESTER 2.5I,"$69,900 ","34,725 miles"
0,2014,LAND,ROVER RANGE ROVER EVOQUE,"$36,580 ","24,274 miles"
1,2015,CHEVROLET,TRAVERSE LT,"$36,580 ","31,127 miles"
0,2012,CHEVROLET,TAHOE,"$20,992 ","74,169 miles"
0,2014,JEEP,GRAND CHEROKEE,"$20,992 ","54,503 miles"
0,2014,NISSAN,JUKE NISMO,"$29,095 ","48,793 miles"
0,2015,JEEP,GRAND CHEROKEE LIMITED,"$29,095 ","36,300 miles"
0,2015,NISSAN,ROGUE SELECT,"$18,999 ","26,413 miles"
1,2015,MERCEDES-BENZ,GLA 250,"$30,750 ","40,977 miles"
0,2014,TOYOTA,RAV4,"$30,750 ","40,813 miles"
0,2014,GMC,TERRAIN,"$16,995 ","36,907 miles"
0,2014,MERCEDES-BENZ,GL-CLASS GL 550,"$16,995 ","48,185 miles"
0,2015,FORD,EXPLORER,"$23,995 ","40,218 miles"
1,2015,ACURA,RDX,"$23,995 ","45,525 miles"
0,2015,TOYOTA,HIGHLANDER LE,"$51,991 ","32,982 miles"
1,2014,MAZDA,CX-5 GRAND,"$51,991 ","56,874 miles"
0,2011,JEEP,LIBERTY,"$26,995 ","60,727 miles"
0,2017,NISSAN,JUKE,"$26,995 ","7,307 miles"
0,2013,BMW,X6,"$27,580 ","73,997 miles"
1,2014,BMW,X3,"$27,992 ","47,707 miles"
0,2016,VOLVO,XC90 T6,"$27,992 ","11,515 miles"
0,2015,TOYOTA,RAV4 LIMITED,"$17,900 ","47,634 miles"
0,2017,CHEVROLET,TRAX,"$17,551 ","15,882 miles"
0,2016,NISSAN,ROGUE,"$17,551 ","31,002 miles"
0,2016,SUBARU,FORESTER,"$16,888 ","10,590 miles"
0,2015,KIA,SORENTO,"$16,888 ","12,477 miles"
0,2012,NISSAN,XTERRA,"$18,999 ","72,462 miles"
0,2012,NISSAN,ROGUE,"$18,999 ","53,922 miles"
0,2014,MERCEDES-BENZ,G-CLASS AMG G 63,"$25,995 ","45,001 miles"
0,2014,JEEP,CHEROKEE,"$17,995 ","29,889 miles"
0,2015,BMW,X4,"$10,995 ","22,913 miles"
0,2015,JEEP,WRANGLER UNLIMITED,"$10,995 ","17,900 miles"
0,2012,BMW,X6,"$7,995 ","53,390 miles"
0,2011,TOYOTA,RAV4,"$7,995 ","26,016 miles"
0,2007,HONDA,ELEMENT,"$99,000 ","154,186 miles"
0,2011,JEEP,GRAND CHEROKEE,"$19,488 ","51,981 miles"
0,2010,TOYOTA,HIGHLANDER,"$19,488 ","112,005 miles"
0,2015,HONDA,PILOT,"$10,995 ","42,360 miles"
0,2014,SUBARU,XV CROSSTREK,"$10,995 ","34,370 miles"
0,2014,JEEP,CHEROKEE,"$26,890 ","42,385 miles"
1,2015,LEXUS,RX,"$26,890 ","26,116 miles"
1,2014,BMW,X5,"$18,880 ","48,424 miles"
0,2015,NISSAN,ROGUE,"$18,880 ","24,445 miles"
0,2015,NISSAN,ARMADA PLATINUM,"$21,574 ","17,164 miles"
0,2015,JEEP,COMPASS,"$21,574 ","31,321 miles"
0,2011,HONDA,PILOT,"$33,998 ","125,501 miles"
0,2010,SUBARU,FORESTER,"$33,998 ","128,457 miles"
0,2015,JEEP,CHEROKEE,"$41,888 ","89,979 miles"
0,2013,FORD,FLEX,"$41,888 ","67,086 miles"
0,2014,JEEP,GRAND CHEROKEE LIMITED,"$24,985 ","102,681 miles"
0,2011,HYUNDAI,SANTA FE,"$10,980 ","79,436 miles"
0,2014,JEEP,PATRIOT,"$10,980 ","26,693 miles"
0,2017,BUICK,ENCLAVE LEATHER,"$14,995 ","22,667 miles"
0,2013,TOYOTA,RAV4,"$14,995 ","31,760 miles"
0,2011,HONDA,PILOT,"$29,990 ","96,226 miles"
0,2012,VOLKSWAGEN,TOUAREG,"$29,990 ","88,605 miles"
0,2016,NISSAN,PATHFINDER,"$17,500 ","12,453 miles"
0,2015,JEEP,WRANGLER UNLIMITED,"$17,500 ","30,201 miles"
1,2016,LAND,ROVER RANGE ROVER EVOQUE,"$14,995 ","27,305 miles"
0,2016,NISSAN,MURANO,"$14,995 ","33,545 miles"
0,2015,TOYOTA,HIGHLANDER,"$16,990 ","33,749 miles"
0,2015,SUBARU,FORESTER 2.5I,"$16,990 ","50,973 miles"
0,2013,MITSUBISHI,OUTLANDER SPORT,"$27,495 ","43,935 miles"
0,2015,JEEP,WRANGLER UNLIMITED,"$27,495 ","38,573 miles"
1,2015,MINI,COOPER COUNTRYMAN,"$28,991 ","19,213 miles"
0,2017,BMW,X1,"$39,890 ","4,286 miles"
0,2014,JEEP,CHEROKEE,"$39,890 ","30,628 miles"
0,2017,JEEP,PATRIOT,"$22,995 ",49 miles
0,2014,SUBARU,XV CROSSTREK,"$22,995 ","31,540 miles"
0,2014,JEEP,GRAND CHEROKEE,"$16,991 ","39,989 miles"
0,2011,HONDA,CR-V,"$16,991 ","67,486 miles"
0,2008,HYUNDAI,SANTA FE LIMITED,"$18,843 ","153,339 miles"
0,2016,FORD,ESCAPE,"$18,843 ","26,298 miles"
0,2015,NISSAN,ROGUE,"$29,551 ","44,042 miles"
0,2014,NISSAN,ROGUE,"$29,551 ","37,823 miles"
0,2015,NISSAN,ROGUE,"$14,988 ","31,853 miles"
1,2015,NISSAN,ROGUE,"$14,988 ","36,273 miles"
0,2010,JEEP,WRANGLER,"$8,995 ","86,258 miles"
0,2014,NISSAN,MURANO,"$8,995 ","28,970 miles"
0,2011,MERCEDES-BENZ,GL-CLASS GL 450,"$21,995 ","87,248 miles"
0,2016,FIAT,500X,"$13,488 ","37,799 miles"
0,2015,NISSAN,JUKE,"$13,488 ","25,055 miles"
0,2014,JEEP,GRAND CHEROKEE,"$16,995 ","33,562 miles"
0,2011,CHEVROLET,TAHOE,"$16,995 ","131,528 miles"
0,2013,NISSAN,ROGUE,"$28,992 ","16,666 miles"
0,2015,NISSAN,JUKE,"$28,992 ","57,489 miles"
0,2014,JEEP,GRAND CHEROKEE LIMITED,"$20,995 ","46,594 miles"
0,2015,SUBARU,FORESTER,"$20,995 ","30,966 miles"
0,2014,NISSAN,MURANO,"$16,495 ","35,792 miles"
1,2015,ACURA,MDX,"$16,495 ","34,550 miles"
0,2015,JEEP,GRAND CHEROKEE,"$15,992 ","49,628 miles"
1,2016,NISSAN,ROGUE,"$15,992 ","22,736 miles"
0,2013,BMW,X5,"$26,877 ","59,659 miles"
0,2013,TOYOTA,HIGHLANDER,"$26,877 ","74,460 miles"
0,2010,HONDA,ACCORD CROSSTOUR,"$17,980 ","96,997 miles"
0,2016,NISSAN,ROGUE,"$48,490 ","23,249 miles"
0,2016,BUICK,ENCLAVE LEATHER,"$20,495 ","35,561 miles"
0,2016,BMW,X6,"$20,495 ","17,079 miles"
0,2015,JEEP,WRANGLER UNLIMITED,"$28,992 ","21,791 miles"
0,2015,BMW,X6,"$28,992 ","12,220 miles"
0,2016,MAZDA,CX-5 GRAND,"$47,795 ","36,180 miles"
0,2017,BMW,X1,"$47,795 ","2,640 miles"
0,2013,LEXUS,LX,"$32,992 ","51,218 miles"
0,2015,SUBARU,FORESTER 2.5I,"$32,992 ","45,415 miles"
0,2015,CADILLAC,ESCALADE ESV,"$53,210 ","31,234 miles"
1,2014,JEEP,GRAND CHEROKEE LIMITED,"$53,210 ","58,352 miles"
0,2012,TOYOTA,HIGHLANDER,"$23,974 ","69,549 miles"
0,2016,JEEP,CHEROKEE LIMITED,"$23,974 ","23,925 miles"
0,2012,NISSAN,ROGUE,"$39,888 ","73,225 miles"
0,2005,LAND,ROVER LR3,"$6,775 ","113,829 miles"
0,2012,JEEP,GRAND CHEROKEE,"$6,775 ","74,259 miles"
0,2017,DODGE,DURANGO,"$17,655 ","2,305 miles"
0,2017,MERCEDES-BENZ,GLE 350,"$36,680 ","3,958 miles"
1,2017,LAND,ROVER RANGE ROVER EVOQUE SE,"$36,680 ","5,321 miles"
0,2014,LEXUS,GX 460,"$36,991 ","31,993 miles"
0,2015,JEEP,CHEROKEE,"$36,991 ","32,604 miles"
0,2014,JEEP,CHEROKEE LIMITED,"$61,086 ","54,026 miles"
0,2012,NISSAN,PATHFINDER,"$42,300 ","77,822 miles"
0,2015,JEEP,WRANGLER UNLIMITED,"$42,300 ","50,489 miles"
1,2015,MAZDA,CX-5,"$36,897 ","25,989 miles"
0,2015,NISSAN,ROGUE,"$36,897 ","17,485 miles"
0,2014,JEEP,GRAND CHEROKEE,"$25,992 ","50,669 miles"
1,2014,HONDA,CR-V,"$16,899 ","40,364 miles"
1,2017,ACURA,MDX,"$16,899 ","5,122 miles"
0,2014,NISSAN,PATHFINDER,"$41,800 ","53,271 miles"
0,2015,MAZDA,CX-5,"$26,995 ","38,169 miles"
0,2014,HYUNDAI,SANTA FE,"$26,995 ","67,710 miles"
0,2014,NISSAN,ROGUE SELECT,"$20,095 ","28,891 miles"
0,2017,MERCEDES-BENZ,GLE 350,"$15,991 ","3,833 miles"
0,2015,NISSAN,ROGUE,"$15,991 ","33,138 miles"
0,2015,SUBARU,FORESTER 2.5I,"$16,488 ","18,433 miles"
0,2016,TOYOTA,HIGHLANDER LE,"$16,488 ","12,346 miles"
1,2014,HONDA,CR-V,"$28,970 ","18,311 miles"
0,2015,NISSAN,ROGUE,"$28,970 ","24,013 miles"
0,2015,LEXUS,GX 460,"$14,223 ","34,898 miles"
1,2017,BMW,X3,"$45,980 ","4,498 miles"
1,2014,NISSAN,ROGUE,"$45,980 ","41,431 miles"
0,2016,KIA,SPORTAGE,"$16,880 ","9,981 miles"
0,2015,SUBARU,FORESTER 2.5I,"$16,880 ","22,865 miles"
0,2010,TOYOTA,RAV4 LIMITED,"$17,827 ","43,694 miles"
0,2015,JEEP,GRAND CHEROKEE,"$17,827 ","45,368 miles"
0,2014,NISSAN,PATHFINDER,"$22,995 ","36,301 miles"
1,2015,LEXUS,RX 350,"$14,995 ","31,498 miles"
1,2016,FORD,EXPEDITION EL,"$14,995 ","35,650 miles"
0,2017,CHEVROLET,EQUINOX,"$28,422 ","33,403 miles"
0,2015,CHEVROLET,TAHOE,"$28,422 ","50,523 miles"
1,2014,HONDA,CR-V,"$29,441 ","41,993 miles"
0,2016,NISSAN,ROGUE,"$29,441 ","11,565 miles"
0,2013,MERCEDES-BENZ,GL-CLASS GL 550,"$18,495 ","30,053 miles"
0,2015,TOYOTA,RAV4,"$17,653 ","17,492 miles"
0,2017,GMC,YUKON,"$17,653 ","23,973 miles"
1,2014,MAZDA,CX-9,"$42,990 ","41,904 miles"
0,2014,NISSAN,ROGUE,"$42,990 ","24,475 miles"
0,2016,FORD,EDGE,"$20,974 ","51,708 miles"
0,2014,JEEP,WRANGLER UNLIMITED,"$20,974 ","30,571 miles"
1,2016,LEXUS,GX 460,"$19,995 ","9,141 miles"
0,2016,SUBARU,CROSSTREK,"$19,995 ","11,955 miles"
0,2017,JEEP,CHEROKEE,"$23,461 ","31,630 miles"
1,2015,BMW,X5,"$23,461 ","35,983 miles"
0,2015,JEEP,WRANGLER UNLIMITED,"$26,991 ","32,649 miles"
1,2014,HONDA,CR-V,"$26,991 ","33,929 miles"
0,2014,TOYOTA,RAV4,"$47,495 ","41,548 miles"
1,2017,BMW,X3,"$47,495 ","6,967 miles"
0,2011,HYUNDAI,SANTA FE,"$22,980 ","99,172 miles"
1,2015,BMW,X6,"$57,995 ","31,505 miles"
1,2016,NISSAN,PATHFINDER,"$15,991 ","34,924 miles"
0,2013,HONDA,PILOT,"$15,991 ","90,919 miles"
0,2014,GMC,TERRAIN,"$25,985 ","44,694 miles"
1,2015,NISSAN,ROGUE,"$25,985 ","36,728 miles"
1,2017,ACURA,MDX,"$17,813 ","5,145 miles"
0,2012,JEEP,LIBERTY,"$17,813 ","79,167 miles"
0,2016,JEEP,PATRIOT,"$24,980 ","48,901 miles"
1,2016,MAZDA,CX-5 GRAND,"$24,980 ","36,128 miles"
0,2014,NISSAN,ROGUE SELECT,"$17,980 ","23,403 miles"
0,2017,NISSAN,PATHFINDER,"$17,980 ","10,814 miles"
0,2014,NISSAN,ROGUE,"$41,700 ","19,823 miles"
0,2005,LEXUS,RX,"$41,700 ","83,179 miles"
1,2017,LAND,ROVER DISCOVERY SPORT,"$12,488 ","7,452 miles"
0,2016,SUBARU,FORESTER 2.5I,"$22,999 ","26,948 miles"
0,2013,LEXUS,RX,"$22,999 ","61,919 miles"
1,2016,MAZDA,CX-5 GRAND,"$24,995 ","4,148 miles"
0,2017,JEEP,GRAND CHEROKEE,"$24,995 ","11,675 miles"
0,2016,NISSAN,ROGUE,"$25,900 ","19,808 miles"
1,2015,BMW,X4,"$25,900 ","31,008 miles"
1,2015,VOLKSWAGEN,TIGUAN,"$41,000 ","26,293 miles"
0,2015,JEEP,GRAND CHEROKEE LIMITED,"$41,000 ","38,155 miles"
0,2013,VOLKSWAGEN,TIGUAN,"$14,590 ","46,607 miles"
1,2013,HYUNDAI,TUCSON LIMITED,"$14,590 ","34,204 miles"
0,2016,LEXUS,GX,"$35,999 ","15,175 miles"
0,2015,KIA,SORENTO,"$35,999 ","27,177 miles"
0,2016,MERCEDES-BENZ,GLE 400,"$16,999 ","4,724 miles"
0,2015,NISSAN,ROGUE,"$16,999 ","22,344 miles"
1,2015,BMW,X5,"$41,888 ","45,124 miles"
0,2017,DODGE,DURANGO,"$41,888 ","11,562 miles"
0,2017,BMW,X1,"$46,991 ","6,586 miles"
0,2008,NISSAN,ROGUE,"$46,991 ","75,162 miles"
0,2015,DODGE,DURANGO,"$41,495 ","22,257 miles"
0,2014,LAND,ROVER RANGE ROVER SPORT,"$41,495 ","49,333 miles"
0,2015,HONDA,PILOT,"$8,988 ","22,089 miles"
0,2013,MAZDA,CX-5,"$8,988 ","68,740 miles"
0,2017,MERCEDES-BENZ,GLS 450,"$30,991 ","7,395 miles"
1,2017,ACURA,MDX,"$30,991 ","4,685 miles"
0,2015,NISSAN,ROGUE,"$46,900 ","28,947 miles"
0,2015,NISSAN,ARMADA PLATINUM,"$46,900 ","23,119 miles"
1,2014,HONDA,CR-V,"$26,995 ","51,325 miles"
0,2017,TOYOTA,4RUNNER LIMITED,"$26,995 ","15,276 miles"
0,2006,GMC,ENVOY XL,"$12,888 ","109,899 miles"
0,2012,TOYOTA,FJ,"$25,988 ","74,668 miles"
0,2015,NISSAN,MURANO,"$25,988 ","19,712 miles"
0,2016,CADILLAC,ESCALADE,"$27,633 ","17,145 miles"
0,2011,HYUNDAI,TUCSON,"$27,633 ","96,909 miles"
1,2015,HONDA,CR-V,"$71,888 ","39,337 miles"
0,2012,CHEVROLET,TRAVERSE LT,"$71,888 ","107,506 miles"
0,2007,CHEVROLET,TRAILBLAZER,"$9,999 ","153,860 miles"
0,2016,JEEP,GRAND CHEROKEE,"$9,999 ","15,061 miles"
0,2016,NISSAN,ROGUE,"$17,497 ","34,887 miles"
1,2015,BMW,X3,"$11,988 ","21,225 miles"
1,2017,BMW,X1,"$11,988 ","6,176 miles"
1,2015,LEXUS,GX 460,"$4,295 ","35,066 miles"
1,2015,ACURA,RDX,"$4,295 ","31,340 miles"
0,2013,MERCEDES-BENZ,GL-CLASS GL 450,"$32,991 ","64,918 miles"
0,2014,SUBARU,XV CROSSTREK,"$16,980 ","32,863 miles"
1,2017,BMW,X5,"$16,980 ","10,230 miles"
0,2014,GMC,ACADIA,"$69,999 ","60,117 miles"
0,2016,JEEP,CHEROKEE,"$26,790 ","7,921 miles"
0,2015,JEEP,WRANGLER UNLIMITED,"$26,790 ","26,656 miles"
0,2011,SUBARU,FORESTER 2.5X,"$24,990 ","50,600 miles"
0,2015,NISSAN,ROGUE,"$24,990 ","81,954 miles"
0,2013,FORD,EXPLORER,"$18,995 ","48,839 miles"
0,2017,BMW,X3,"$18,995 ","6,085 miles"
1,2017,LAND,ROVER RANGE ROVER EVOQUE,"$24,995 ",50 miles
1,2016,MAZDA,CX-5 GRAND,"$24,995 ","10,187 miles"
0,2014,NISSAN,ROGUE,"$13,886 ","36,107 miles"
0,2015,MAZDA,CX-5,"$13,886 ","41,565 miles"
0,2016,JEEP,PATRIOT,"$12,980 ","21,196 miles"
0,2013,HONDA,CR-V,"$18,896 ","20,096 miles"
0,2016,FORD,ESCAPE,"$18,896 ","31,125 miles"
0,2012,HYUNDAI,VERACRUZ LIMITED,"$19,489 ","59,277 miles"
0,2012,NISSAN,ROGUE,"$19,489 ","86,351 miles"
1,2016,LAND,ROVER RANGE ROVER SPORT,"$14,588 ","19,890 miles"
1,2015,ACURA,MDX,"$14,588 ","21,614 miles"
0,2014,FORD,EXPLORER,"$15,995 ","79,287 miles"
1,2015,ACURA,MDX,"$15,995 ","28,665 miles"
0,2015,SUBARU,XV CROSSTREK,"$61,900 ","47,730 miles"
0,2017,AUDI,Q3 PREMIUM,"$61,900 ","10,213 miles"
0,2017,MERCEDES-BENZ,GLE 350,"$36,400 ","5,804 miles"
1,2015,PORSCHE,MACAN,"$36,400 ","40,120 miles"
1,2015,PORSCHE,MACAN,"$18,999 ","39,258 miles"
0,2015,BMW,X5,"$18,999 ","42,780 miles"
0,2015,NISSAN,ROGUE,"$34,400 ","40,554 miles"
1,2017,JEEP,COMPASS,"$12,995 ","13,232 miles"
0,2014,NISSAN,JUKE,"$18,988 ","47,338 miles"
0,2011,JEEP,WRANGLER UNLIMITED,"$10,995 ","36,240 miles"
0,2015,AUDI,Q5,"$10,995 ","28,703 miles"
1,2016,MAZDA,CX-5 GRAND,"$28,568 ","30,684 miles"
0,2017,MERCEDES-BENZ,GLA 250,"$28,568 ","17,379 miles"
0,2013,BMW,X3,"$30,991 ","91,376 miles"
0,2013,JEEP,WRANGLER UNLIMITED FREEDOM,"$30,991 ","46,400 miles"
0,2015,DODGE,DURANGO,"$31,000 ","70,846 miles"
0,2015,JEEP,CHEROKEE LIMITED,"$31,000 ","33,459 miles"
0,2012,HYUNDAI,SANTA FE LIMITED,"$24,500 ","115,820 miles"
1,2016,ACURA,MDX,"$24,500 ","19,525 miles"
0,2013,JEEP,GRAND CHEROKEE LIMITED,"$22,991 ","30,300 miles"
0,2015,MAZDA,CX-5 GRAND,"$22,991 ","30,244 miles"
0,2008,FORD,EDGE,"$17,995 ","95,108 miles"
0,2014,SUBARU,FORESTER,"$17,995 ","63,722 miles"
0,2014,TOYOTA,RAV4,"$9,495 ","40,451 miles"
0,2013,JEEP,GRAND CHEROKEE LIMITED,"$9,495 ","38,318 miles"
0,2015,CHEVROLET,EQUINOX LT,"$15,513 ","32,462 miles"
0,2014,NISSAN,JUKE,"$15,513 ","38,212 miles"
0,2015,NISSAN,ROGUE,"$19,992 ","15,327 miles"
1,2015,MAZDA,CX-5 GRAND,"$19,992 ","36,387 miles"
0,2015,NISSAN,ROGUE SELECT,"$25,991 ","18,087 miles"
0,2015,NISSAN,ROGUE,"$25,991 ","41,443 miles"
0,2011,FORD,EDGE,"$21,900 ","57,958 miles"
0,2013,DODGE,DURANGO,"$21,900 ","95,350 miles"
1,2016,CHEVROLET,EQUINOX,"$15,995 ","41,573 miles"
1,2014,HONDA,CR-V,"$18,380 ","36,944 miles"
0,2009,BMW,X5,"$18,380 ","93,090 miles"
0,2016,JEEP,CHEROKEE,"$19,595 ","34,092 miles"
0,2015,NISSAN,ROGUE,"$17,981 ","23,348 miles"
0,2015,FORD,EXPLORER,"$17,981 ","45,489 miles"
0,2015,JEEP,COMPASS,"$34,980 ","35,862 miles"
0,2014,GMC,ACADIA,"$34,980 ","63,208 miles"
0,2015,SUBARU,FORESTER,"$16,995 ","55,169 miles"
1,2015,JEEP,GRAND CHEROKEE,"$16,995 ","38,210 miles"
0,2015,GMC,YUKON XL,"$21,991 ","59,053 miles"
0,2009,NISSAN,MURANO,"$21,991 ","91,632 miles"
0,2015,NISSAN,ARMADA PLATINUM,"$16,991 ","17,803 miles"
0,2016,ACURA,MDX,"$16,991 ","23,160 miles"
1,2015,BMW,X4,"$28,470 ","26,734 miles"
1,2015,BMW,X5,"$43,995 ","38,150 miles"
0,2014,CHEVROLET,TRAVERSE LT,"$43,995 ","33,079 miles"
0,2014,BMW,X6,"$23,997 ","51,400 miles"
0,2014,LAND,ROVER RANGE ROVER,"$36,990 ","37,144 miles"
0,2017,JEEP,GRAND CHEROKEE LIMITED,"$34,900 ","6,724 miles"
0,2017,CHEVROLET,TAHOE,"$34,900 ","4,275 miles"
1,2017,BMW,X5 XDRIVE40E,"$26,980 ","5,064 miles"
0,2015,NISSAN,ROGUE,"$26,980 ","26,859 miles"
0,2015,NISSAN,ROGUE,"$61,950 ","42,215 miles"
0,2015,TOYOTA,4RUNNER,"$61,950 ","51,762 miles"
0,2017,NISSAN,ARMADA PLATINUM,"$36,991 ","17,502 miles"
0,2014,BMW,X5,"$36,991 ","39,001 miles"
0,2017,JEEP,PATRIOT,"$49,995 ","21,205 miles"
1,2015,LAND,ROVER RANGE ROVER SPORT,"$54,900 ","38,620 miles"
0,2015,NISSAN,ROGUE,"$54,900 ","28,415 miles"
1,2017,VOLKSWAGEN,TOUAREG,"$17,495 ","16,542 miles"
0,2017,NISSAN,ROGUE,"$44,995 ","12,394 miles"
0,2006,HONDA,PILOT,"$44,995 ","102,120 miles"
1,2015,ACURA,RDX,"$52,490 ","40,773 miles"
1,2014,BMW,X5,"$52,490 ","38,501 miles"
0,2017,PORSCHE,MACAN,"$19,495 ","2,228 miles"
0,2007,BMW,X3,"$19,495 ","148,750 miles"
1,2013,GMC,TERRAIN SLE,"$8,995 ","34,248 miles"
1,2014,HONDA,CR-V,"$8,995 ","33,100 miles"
1,2015,BMW,X1,"$27,980 ","41,447 miles"
0,2016,NISSAN,PATHFINDER,"$27,980 ","36,597 miles"
0,2015,NISSAN,ROGUE,"$38,407 ","31,996 miles"
1,2012,FORD,EXPLORER,"$15,988 ","55,102 miles"
1,2014,BMW,X3,"$15,988 ","44,460 miles"
1,2017,BMW,X1,"$27,816 ","7,210 miles"
0,2015,FORD,EXPLORER LIMITED,"$27,816 ","44,995 miles"
0,2015,KIA,SPORTAGE,"$36,998 ","28,669 miles"
0,2014,JEEP,GRAND CHEROKEE LIMITED,"$36,998 ","36,525 miles"
0,2015,NISSAN,ROGUE,"$27,997 ","41,355 miles"
0,2015,TOYOTA,RAV4,"$27,997 ","26,218 miles"
0,2015,AUDI,Q5 PREMIUM,"$18,900 ","39,063 miles"
0,2013,MERCEDES-BENZ,GL-CLASS GL 550,"$18,900 ","85,059 miles"
0,2017,BMW,X3,"$26,992 ","9,232 miles"
0,2010,HONDA,CR-V,"$26,992 ","56,107 miles"
0,2010,NISSAN,MURANO,"$20,995 ","85,370 miles"
1,2015,PORSCHE,MACAN,"$20,995 ","7,708 miles"
0,2016,LAND,ROVER RANGE ROVER EVOQUE SE,"$21,992 ","27,956 miles"
1,2015,ACURA,MDX,"$34,997 ","35,440 miles"
0,2017,NISSAN,ARMADA,"$34,997 ","15,156 miles"
1,2016,JEEP,COMPASS,"$32,995 ","35,464 miles"
1,2014,TOYOTA,HIGHLANDER,"$32,995 ","28,218 miles"
0,2014,JEEP,COMPASS,"$14,988 ","44,522 miles"
0,2017,PORSCHE,MACAN,"$14,988 ","1,589 miles"
0,2016,DODGE,JOURNEY,"$30,993 ","21,223 miles"
1,2015,BMW,X1,"$30,993 ","22,489 miles"
0,2015,NISSAN,ROGUE,"$15,991 ","41,136 miles"
0,2017,BMW,X1,"$15,991 ","4,452 miles"
0,2014,NISSAN,ROGUE,"$92,125 ","43,225 miles"
0,2015,BMW,X5,"$92,125 ","60,119 miles"
0,2015,HONDA,PILOT,"$18,997 ","45,948 miles"
0,2017,DODGE,JOURNEY,"$18,997 ","24,596 miles"
0,2015,DODGE,DURANGO,"$28,998 ","38,533 miles"
0,2016,DODGE,DURANGO,"$28,995 ","42,212 miles"
1,2015,ACURA,MDX,"$28,995 ","34,293 miles"
0,2017,JEEP,COMPASS,"$35,980 ","27,876 miles"
0,2015,TOYOTA,RAV4,"$35,980 ","10,956 miles"
0,2016,BMW,X4,"$21,997 ","13,814 miles"
1,2015,ACURA,RDX,"$21,997 ","22,653 miles"
0,2017,CHEVROLET,TAHOE,"$21,992 ","13,432 miles"
0,2017,BMW,X3,"$21,992 ","2,896 miles"
0,2016,NISSAN,PATHFINDER,"$44,777 ","16,555 miles"
0,2015,ACURA,MDX,"$44,777 ","35,746 miles"
0,2015,JEEP,GRAND CHEROKEE LIMITED,"$28,970 ","34,896 miles"
1,2016,LAND,ROVER LR4 HSE,"$28,970 ","14,190 miles"
0,2014,GMC,ACADIA,"$52,000 ","84,874 miles"
0,2014,JEEP,GRAND CHEROKEE LIMITED,"$52,000 ","46,802 miles"
0,2015,JEEP,CHEROKEE,"$45,890 ","30,039 miles"
1,2014,HONDA,ACCORD CROSSTOUR,"$22,199 ","52,510 miles"
0,2015,NISSAN,ROGUE SELECT,"$22,199 ","22,605 miles"
0,2010,MERCEDES-BENZ,GL-CLASS GL 450,"$14,995 ","96,693 miles"
0,2016,DODGE,DURANGO,"$16,985 ","13,656 miles"
0,2015,NISSAN,ROGUE,"$16,985 ","34,299 miles"
0,2014,SUBARU,XV CROSSTREK,"$16,933 ","22,655 miles"
0,2017,BMW,X1,"$16,933 ","4,777 miles"
0,2013,MERCEDES-BENZ,GL-CLASS GL 450,"$29,991 ","71,241 miles"
0,2013,ACURA,RDX,"$29,991 ","47,434 miles"
0,2017,DODGE,JOURNEY,"$15,999 ","29,312 miles"
1,2015,MAZDA,CX-5,"$15,999 ","25,700 miles"
0,2016,NISSAN,ROGUE,"$17,713 ","23,923 miles"
0,2015,JEEP,GRAND CHEROKEE LIMITED,"$17,713 ","40,058 miles"
0,2013,HONDA,PILOT,"$37,998 ","79,790 miles"
0,2014,LEXUS,GX 460,"$42,992 ","22,493 miles"
1,2015,HONDA,PILOT,"$42,992 ","31,837 miles"
0,2016,NISSAN,ROGUE,"$24,413 ","17,937 miles"
1,2014,LAND,ROVER RANGE ROVER,"$24,413 ","7,315 miles"
0,2018,PORSCHE,MACAN,"$25,495 ",64 miles
0,2014,NISSAN,PATHFINDER,"$25,495 ","36,683 miles"
0,2014,PORSCHE,CAYENNE PLATINUM,"$66,900 ","43,689 miles"
0,2014,NISSAN,ROGUE SELECT,"$66,900 ","33,919 miles"
1,2017,BMW,X6,"$78,030 ","7,076 miles"
1,2015,HONDA,CR-V,"$78,030 ","25,721 miles"
0,2016,ACURA,MDX,"$25,933 ","21,457 miles"
0,2012,NISSAN,MURANO,"$25,933 ","59,944 miles"
0,2015,NISSAN,ARMADA PLATINUM,"$39,488 ","20,854 miles"
1,2016,CHEVROLET,TRAX LS,"$39,488 ","30,828 miles"
0,2015,TOYOTA,RAV4,"$13,900 ","7,401 miles"
0,2014,JEEP,CHEROKEE LIMITED,"$17,995 ","53,330 miles"
1,2015,ACURA,MDX,"$17,995 ","27,768 miles"
1,2017,LAND,ROVER DISCOVERY SPORT,"$36,780 ","5,195 miles"
1,2014,TOYOTA,RAV4,"$36,780 ","29,565 miles"
1,2017,MAZDA,CX-5 GRAND,"$40,300 ","3,325 miles"
0,2014,KIA,SPORTAGE,"$40,300 ","36,045 miles"
0,2006,HONDA,PILOT,"$19,995 ","158,061 miles"
1,2015,LEXUS,GX 460,"$19,995 ","28,352 miles"
1,2015,TOYOTA,4RUNNER LIMITED,"$29,974 ","22,614 miles"
0,2015,HONDA,ACCORD CROSSTOUR,"$29,974 ","38,419 miles"
0,2016,JEEP,GRAND CHEROKEE HIGH,"$12,991 ","24,565 miles"
0,2014,JEEP,WRANGLER,"$12,991 ","38,476 miles"
0,2015,TOYOTA,HIGHLANDER,"$5,588 ","47,539 miles"
0,2010,HONDA,CR-V,"$5,588 ","49,354 miles"
0,2015,NISSAN,ROGUE,"$38,996 ","14,286 miles"
1,2015,MERCEDES-BENZ,M-CLASS ML 350,"$38,486 ","25,316 miles"
1,2016,LAND,ROVER LR4,"$38,486 ","37,762 miles"
0,2017,JEEP,GRAND CHEROKEE LIMITED,"$54,300 ","3,039 miles"
0,2012,JEEP,LIBERTY LIMITED JET,"$32,870 ","64,636 miles"
0,2013,DODGE,DURANGO,"$32,870 ","54,204 miles"
0,2013,FORD,EXPLORER,"$37,991 ","80,459 miles"
0,2015,TOYOTA,RAV4 LIMITED,"$17,991 ","32,901 miles"
1,2014,BMW,X1,"$17,991 ","29,029 miles"
1,2014,BMW,X1,"$19,497 ","18,249 miles"
0,2017,LAND,ROVER DISCOVERY,"$19,497 ","1,940 miles"
0,2014,LEXUS,GX 460,"$13,993 ","36,702 miles"
0,2015,JEEP,GRAND CHEROKEE LIMITED,"$13,993 ","47,321 miles"
0,2015,AUDI,Q5,"$14,988 ","32,214 miles"
0,2015,KIA,SORENTO SX,"$24,500 ","36,747 miles"
0,2015,NISSAN,ROGUE,"$24,500 ","24,607 miles"
0,2017,BMW,X6,"$17,995 ","18,370 miles"
1,2015,HONDA,PILOT,"$17,995 ","47,086 miles"
0,2017,JEEP,RENEGADE,"$64,999 ","2,023 miles"
1,2015,MAZDA,CX-5 GRAND,"$27,413 ","47,025 miles"
1,2017,BMW,X5,"$27,413 ","4,502 miles"
0,2015,MITSUBISHI,OUTLANDER,"$23,960 ","42,904 miles"
0,2016,CHEVROLET,TAHOE,"$23,960 ","39,291 miles"
1,2015,BMW,X1,"$19,991 ","38,569 miles"
0,2015,NISSAN,ROGUE,"$19,991 ","35,347 miles"
1,2015,MAZDA,CX-5,"$20,974 ","30,205 miles"
0,2012,PORSCHE,CAYENNE,"$20,974 ","76,099 miles"
0,2011,LEXUS,RX 350,"$59,880 ","82,202 miles"
1,2014,JEEP,GRAND CHEROKEE,"$23,988 ","50,541 miles"
1,2016,FORD,EXPLORER,"$23,988 ","51,186 miles"
0,2014,NISSAN,MURANO,"$34,988 ","37,716 miles"
0,2011,NISSAN,ROGUE,"$34,988 ","62,692 miles"
0,2014,BMW,X1,"$21,974 ","35,316 miles"
0,2016,NISSAN,ROGUE,"$21,974 ","21,217 miles"
0,2015,AUDI,Q7 PREMIUM,"$9,999 ","24,740 miles"
0,2015,JEEP,GRAND CHEROKEE LIMITED,"$9,999 ","15,576 miles"
0,2014,BMW,X6,"$20,988 ","65,941 miles"
0,2014,HONDA,CR-V,"$20,988 ","35,852 miles"
0,2016,MITSUBISHI,OUTLANDER SPORT,"$15,995 ",786 miles
0,2015,FORD,ESCAPE,"$15,995 ","29,438 miles"
0,2017,DODGE,JOURNEY,"$41,790 ","12,253 miles"
0,2015,JEEP,CHEROKEE,"$41,790 ","49,744 miles"
0,2017,AUDI,Q7,"$32,992 ","5,305 miles"
0,2008,JEEP,LIBERTY,"$10,995 ","69,020 miles"
0,2015,NISSAN,JUKE,"$10,995 ","21,035 miles"
0,2010,NISSAN,ROGUE,"$15,987 ","55,390 miles"
0,2016,MERCEDES-BENZ,GLC 300,"$15,987 ","5,856 miles"
0,2015,JEEP,GRAND CHEROKEE LIMITED,"$11,495 ","40,953 miles"
0,2014,NISSAN,PATHFINDER,"$11,495 ","49,790 miles"
1,2017,JEEP,GRAND CHEROKEE,"$37,995 ","3,635 miles"
0,2012,DODGE,JOURNEY,"$37,995 ","63,800 miles"
0,2010,HONDA,CR-V,"$27,922 ","118,259 miles"
1,2015,ACURA,MDX,"$27,922 ","25,573 miles"
0,2013,JEEP,GRAND CHEROKEE,"$18,995 ","40,838 miles"
0,2016,HYUNDAI,SANTA FE SPORT,"$18,995 ","28,274 miles"
1,2016,VOLKSWAGEN,TIGUAN,"$37,988 ","11,336 miles"
1,2014,HONDA,CR-V,"$37,988 ","31,731 miles"
0,2015,BMW,X5,"$13,700 ","32,690 miles"
0,2012,JEEP,PATRIOT,"$10,488 ","85,478 miles"
0,2016,JEEP,CHEROKEE,"$10,488 ","33,697 miles"
0,2017,CHEVROLET,TAHOE,"$22,992 ","25,546 miles"
0,2017,BMW,X1,"$22,992 ","5,578 miles"
0,2008,JEEP,WRANGLER,"$42,990 ","66,358 miles"
0,2015,NISSAN,ROGUE,"$39,890 ","33,893 miles"
0,2014,VOLKSWAGEN,TIGUAN,"$39,890 ","37,457 miles"
0,2015,NISSAN,ROGUE,"$16,995 ","22,358 miles"
1,2015,ACURA,RDX,"$16,995 ","37,751 miles"
0,2010,NISSAN,MURANO,"$32,500 ","69,419 miles"
0,2017,BMW,X3,"$32,500 ","4,904 miles"
0,2016,NISSAN,PATHFINDER,"$19,495 ","23,775 miles"
0,2015,NISSAN,ROGUE,"$19,495 ","32,484 miles"
1,2015,TOYOTA,HIGHLANDER,"$29,500 ","41,804 miles"
1,2015,HONDA,PILOT,"$29,500 ","28,283 miles"
0,2017,MAZDA,CX-9,"$25,980 ","4,277 miles"
1,2015,MAZDA,CX-5 GRAND,"$25,980 ","29,950 miles"
0,2015,TOYOTA,HIGHLANDER,"$38,999 ","42,348 miles"
0,2008,JEEP,GRAND CHEROKEE LIMITED,"$38,999 ","78,112 miles"
0,2015,NISSAN,ROGUE,"$21,500 ","30,523 miles"
0,2017,CHEVROLET,TAHOE,"$31,992 ","15,873 miles"
0,2016,JEEP,RENEGADE,"$31,992 ","46,910 miles"
0,2015,JEEP,PATRIOT,"$13,988 ","54,159 miles"
0,2017,VOLVO,XC90 T5,"$13,988 ","7,715 miles"
1,2015,BMW,X1,"$33,890 ","26,318 miles"
1,2013,ACURA,RDX,"$33,890 ","66,769 miles"
0,2015,AUDI,Q7 PREMIUM,"$17,495 ","42,341 miles"
0,2016,JEEP,RENEGADE,"$16,694 ","46,910 miles"
0,2015,JEEP,PATRIOT,"$16,694 ","54,159 miles"
0,2017,VOLVO,XC90 T5,"$12,999 ","7,715 miles"
1,2015,BMW,X1,"$12,999 ","26,318 miles"
1,2013,ACURA,RDX,"$41,995 ","66,769 miles"
0,2015,AUDI,Q7 PREMIUM,"$41,995 ","42,341 miles"
0,2015,JEEP,GRAND CHEROKEE,"$26,655 ","33,835 miles"
0,2011,NISSAN,MURANO,"$26,655 ","86,745 miles"
1,2017,BMW,X3,"$21,400 ","24,280 miles"
1,2015,ACURA,MDX,"$21,400 ","31,990 miles"
0,2012,DODGE,JOURNEY,"$44,500 ","86,121 miles"
0,2010,MERCEDES-BENZ,GL-CLASS GL 350,"$44,500 ","82,829 miles"
0,2010,NISSAN,ROGUE,"$43,995 ","90,543 miles"
1,2015,ACURA,RDX,"$43,995 ","42,025 miles"
1,2017,BMW,X1,"$13,474 ","7,164 miles"
0,2016,JEEP,RENEGADE,"$16,694 ","46,910 miles"
0,2015,JEEP,PATRIOT,"$16,694 ","54,159 miles"
0,2017,VOLVO,XC90 T5,"$12,999 ","7,715 miles"
1,2015,BMW,X1,"$12,999 ","26,318 miles"
1,2013,ACURA,RDX,"$41,995 ","66,769 miles"
0,2015,AUDI,Q7 PREMIUM,"$41,995 ","42,341 miles"
0,2015,JEEP,GRAND CHEROKEE,"$26,655 ","33,835 miles"
0,2011,NISSAN,MURANO,"$26,655 ","86,745 miles"
1,2017,BMW,X3,"$21,400 ","24,280 miles"
1,2015,ACURA,MDX,"$21,400 ","31,990 miles"
0,2012,DODGE,JOURNEY,"$44,500 ","86,121 miles"
0,2010,MERCEDES-BENZ,GL-CLASS GL 350,"$44,500 ","82,829 miles"
0,2010,NISSAN,ROGUE,"$43,995 ","90,543 miles"
1,2015,ACURA,RDX,"$43,995 ","42,025 miles"
1,2017,BMW,X1,"$13,474 ","7,164 miles"
0,2016,JEEP,RENEGADE,"$16,694 ","46,910 miles"
0,2015,JEEP,PATRIOT,"$16,694 ","54,159 miles"
0,2017,VOLVO,XC90 T5,"$12,999 ","7,715 miles"
1,2015,BMW,X1,"$12,999 ","26,318 miles"
1,2013,ACURA,RDX,"$41,995 ","66,769 miles"
0,2015,AUDI,Q7 PREMIUM,"$41,995 ","42,341 miles"
0,2015,JEEP,GRAND CHEROKEE,"$26,655 ","33,835 miles"
0,2011,NISSAN,MURANO,"$26,655 ","86,745 miles"
1,2017,BMW,X3,"$21,400 ","24,280 miles"
1,2015,ACURA,MDX,"$21,400 ","31,990 miles"
0,2012,DODGE,JOURNEY,"$44,500 ","86,121 miles"
0,2010,MERCEDES-BENZ,GL-CLASS GL 350,"$44,500 ","82,829 miles"
0,2010,NISSAN,ROGUE,"$43,995 ","90,543 miles"
1,2015,ACURA,RDX,"$43,995 ","42,025 miles"
1,2017,BMW,X1,"$13,474 ","7,164 miles"
0,2016,JEEP,RENEGADE,"$16,694 ","46,910 miles"
0,2015,JEEP,PATRIOT,"$16,694 ","54,159 miles"
0,2017,VOLVO,XC90 T5,"$12,999 ","7,715 miles"
1,2015,BMW,X1,"$12,999 ","26,318 miles"
1,2013,ACURA,RDX,"$41,995 ","66,769 miles"
0,2015,AUDI,Q7 PREMIUM,"$41,995 ","42,341 miles"
0,2015,JEEP,GRAND CHEROKEE,"$26,655 ","33,835 miles"
0,2011,NISSAN,MURANO,"$26,655 ","86,745 miles"
1,2017,BMW,X3,"$21,400 ","24,280 miles"
1,2015,ACURA,MDX,"$21,400 ","31,990 miles"
0,2012,DODGE,JOURNEY,"$44,500 ","86,121 miles"
0,2010,MERCEDES-BENZ,GL-CLASS GL 350,"$44,500 ","82,829 miles"
0,2010,NISSAN,ROGUE,"$43,995 ","90,543 miles"
1,2015,ACURA,RDX,"$43,995 ","42,025 miles"
1,2017,BMW,X1,"$13,474 ","7,164 miles"
0,2016,JEEP,RENEGADE,"$16,694 ","46,910 miles"
0,2015,JEEP,PATRIOT,"$16,694 ","54,159 miles"
0,2017,VOLVO,XC90 T5,"$12,999 ","7,715 miles"
1,2015,BMW,X1,"$12,999 ","26,318 miles"
1,2013,ACURA,RDX,"$41,995 ","66,769 miles"
0,2015,AUDI,Q7 PREMIUM,"$41,995 ","42,341 miles"
0,2015,JEEP,GRAND CHEROKEE,"$26,655 ","33,835 miles"
0,2011,NISSAN,MURANO,"$26,655 ","86,745 miles"
1,2017,BMW,X3,"$21,400 ","24,280 miles"
1,2015,ACURA,MDX,"$21,400 ","31,990 miles"
0,2012,DODGE,JOURNEY,"$44,500 ","86,121 miles"
0,2010,MERCEDES-BENZ,GL-CLASS GL 350,"$44,500 ","82,829 miles"
0,2010,NISSAN,ROGUE,"$43,995 ","90,543 miles"
1,2015,ACURA,RDX,"$43,995 ","42,025 miles"
1,2017,BMW,X1,"$13,474 ","7,164 miles"
0,2016,JEEP,RENEGADE,"$16,694 ","46,910 miles"
0,2015,JEEP,PATRIOT,"$16,694 ","54,159 miles"
0,2017,VOLVO,XC90 T5,"$12,999 ","7,715 miles"
1,2015,BMW,X1,"$12,999 ","26,318 miles"
1,2013,ACURA,RDX,"$41,995 ","66,769 miles"
0,2015,AUDI,Q7 PREMIUM,"$41,995 ","42,341 miles"
0,2015,JEEP,GRAND CHEROKEE,"$26,655 ","33,835 miles"
0,2011,NISSAN,MURANO,"$26,655 ","86,745 miles"
1,2017,BMW,X3,"$21,400 ","24,280 miles"
1,2015,ACURA,MDX,"$21,400 ","31,990 miles"
0,2012,DODGE,JOURNEY,"$44,500 ","86,121 miles"
0,2010,MERCEDES-BENZ,GL-CLASS GL 350,"$44,500 ","82,829 miles"
0,2010,NISSAN,ROGUE,"$43,995 ","90,543 miles"
1,2015,ACURA,RDX,"$43,995 ","42,025 miles"
1,2017,BMW,X1,"$13,474 ","7,164 miles"
0,2016,JEEP,RENEGADE,"$16,694 ","46,910 miles"
0,2015,JEEP,PATRIOT,"$16,694 ","54,159 miles"
0,2017,VOLVO,XC90 T5,"$12,999 ","7,715 miles"
1,2015,BMW,X1,"$12,999 ","26,318 miles"
1,2013,ACURA,RDX,"$41,995 ","66,769 miles"
0,2015,AUDI,Q7 PREMIUM,"$41,995 ","42,341 miles"
0,2015,JEEP,GRAND CHEROKEE,"$26,655 ","33,835 miles"
0,2011,NISSAN,MURANO,"$26,655 ","86,745 miles"
1,2017,BMW,X3,"$21,400 ","24,280 miles"
1,2015,ACURA,MDX,"$21,400 ","31,990 miles"
0,2012,DODGE,JOURNEY,"$44,500 ","86,121 miles"
0,2010,MERCEDES-BENZ,GL-CLASS GL 350,"$44,500 ","82,829 miles"
0,2010,NISSAN,ROGUE,"$43,995 ","90,543 miles"
1,2015,ACURA,RDX,"$43,995 ","42,025 miles"
1,2017,BMW,X1,"$13,474 ","7,164 miles"
0,2016,JEEP,RENEGADE,"$16,694 ","46,910 miles"
0,2015,JEEP,PATRIOT,"$16,694 ","54,159 miles"
0,2017,VOLVO,XC90 T5,"$12,999 ","7,715 miles"
1,2015,BMW,X1,"$12,999 ","26,318 miles"
1,2013,ACURA,RDX,"$41,995 ","66,769 miles"
0,2015,AUDI,Q7 PREMIUM,"$41,995 ","42,341 miles"
0,2015,JEEP,GRAND CHEROKEE,"$26,655 ","33,835 miles"
0,2011,NISSAN,MURANO,"$26,655 ","86,745 miles"
1,2017,BMW,X3,"$21,400 ","24,280 miles"
1,2015,ACURA,MDX,"$21,400 ","31,990 miles"
0,2012,DODGE,JOURNEY,"$44,500 ","86,121 miles"
0,2010,MERCEDES-BENZ,GL-CLASS GL 350,"$44,500 ","82,829 miles"
0,2010,NISSAN,ROGUE,"$43,995 ","90,543 miles"
1,2015,ACURA,RDX,"$43,995 ","42,025 miles"
1,2017,BMW,X1,"$13,474 ","7,164 miles"
0,2016,JEEP,RENEGADE,"$16,694 ","46,910 miles"
0,2015,JEEP,PATRIOT,"$16,694 ","54,159 miles"
0,2017,VOLVO,XC90 T5,"$12,999 ","7,715 miles"
1,2015,BMW,X1,"$12,999 ","26,318 miles"
1,2013,ACURA,RDX,"$41,995 ","66,769 miles"
0,2015,AUDI,Q7 PREMIUM,"$41,995 ","42,341 miles"
0,2015,JEEP,GRAND CHEROKEE,"$26,655 ","33,835 miles"
0,2011,NISSAN,MURANO,"$26,655 ","86,745 miles"
1,2017,BMW,X3,"$21,400 ","24,280 miles"
1,2015,ACURA,MDX,"$21,400 ","31,990 miles"
0,2012,DODGE,JOURNEY,"$44,500 ","86,121 miles"
0,2010,MERCEDES-BENZ,GL-CLASS GL 350,"$44,500 ","82,829 miles"
0,2010,NISSAN,ROGUE,"$43,995 ","90,543 miles"
1,2015,ACURA,RDX,"$43,995 ","42,025 miles"
1,2017,BMW,X1,"$13,474 ","7,164 miles"
0,2016,JEEP,RENEGADE,"$16,694 ","46,910 miles"
0,2015,JEEP,PATRIOT,"$16,694 ","54,159 miles"
0,2017,VOLVO,XC90 T5,"$12,999 ","7,715 miles"
1,2015,BMW,X1,"$12,999 ","26,318 miles"
1,2013,ACURA,RDX,"$41,995 ","66,769 miles"
0,2015,AUDI,Q7 PREMIUM,"$41,995 ","42,341 miles"
0,2015,JEEP,GRAND CHEROKEE,"$26,655 ","33,835 miles"
0,2011,NISSAN,MURANO,"$26,655 ","86,745 miles"
1,2017,BMW,X3,"$21,400 ","24,280 miles"
1,2015,ACURA,MDX,"$21,400 ","31,990 miles"
0,2012,DODGE,JOURNEY,"$44,500 ","86,121 miles"
0,2010,MERCEDES-BENZ,GL-CLASS GL 350,"$44,500 ","82,829 miles"
0,2010,NISSAN,ROGUE,"$43,995 ","90,543 miles"
1,2015,ACURA,RDX,"$43,995 ","42,025 miles"
1,2017,BMW,X1,"$13,474 ","7,164 miles"
0,2016,JEEP,RENEGADE,"$16,694 ","46,910 miles"
0,2015,JEEP,PATRIOT,"$16,694 ","54,159 miles"
0,2017,VOLVO,XC90 T5,"$12,999 ","7,715 miles"
1,2015,BMW,X1,"$12,999 ","26,318 miles"
1,2013,ACURA,RDX,"$41,995 ","66,769 miles"
0,2015,AUDI,Q7 PREMIUM,"$41,995 ","42,341 miles"
0,2015,JEEP,GRAND CHEROKEE,"$26,655 ","33,835 miles"
0,2011,NISSAN,MURANO,"$26,655 ","86,745 miles"
1,2017,BMW,X3,"$21,400 ","24,280 miles"
1,2015,ACURA,MDX,"$21,400 ","31,990 miles"
0,2012,DODGE,JOURNEY,"$44,500 ","86,121 miles"
0,2010,MERCEDES-BENZ,GL-CLASS GL 350,"$44,500 ","82,829 miles"
0,2010,NISSAN,ROGUE,"$43,995 ","90,543 miles"
1,2015,ACURA,RDX,"$43,995 ","42,025 miles"
1,2017,BMW,X1,"$13,474 ","7,164 miles"
0,2016,JEEP,RENEGADE,"$16,694 ","46,910 miles"
0,2015,JEEP,PATRIOT,"$16,694 ","54,159 miles"
0,2017,VOLVO,XC90 T5,"$12,999 ","7,715 miles"
1,2015,BMW,X1,"$12,999 ","26,318 miles"
1,2013,ACURA,RDX,"$41,995 ","66,769 miles"
0,2015,AUDI,Q7 PREMIUM,"$41,995 ","42,341 miles"
0,2015,JEEP,GRAND CHEROKEE,"$26,655 ","33,835 miles"
0,2011,NISSAN,MURANO,"$26,655 ","86,745 miles"
1,2017,BMW,X3,"$21,400 ","24,280 miles"
1,2015,ACURA,MDX,"$21,400 ","31,990 miles"
0,2012,DODGE,JOURNEY,"$44,500 ","86,121 miles"
0,2010,MERCEDES-BENZ,GL-CLASS GL 350,"$44,500 ","82,829 miles"
0,2010,NISSAN,ROGUE,"$43,995 ","90,543 miles"
1,2015,ACURA,RDX,"$43,995 ","42,025 miles"
1,2017,BMW,X1,"$13,474 ","7,164 miles"
0,2016,JEEP,RENEGADE,"$16,694 ","46,910 miles"
0,2015,JEEP,PATRIOT,"$16,694 ","54,159 miles"
0,2017,VOLVO,XC90 T5,"$12,999 ","7,715 miles"
1,2015,BMW,X1,"$12,999 ","26,318 miles"
1,2013,ACURA,RDX,"$41,995 ","66,769 miles"
0,2015,AUDI,Q7 PREMIUM,"$41,995 ","42,341 miles"
0,2015,JEEP,GRAND CHEROKEE,"$26,655 ","33,835 miles"
0,2011,NISSAN,MURANO,"$26,655 ","86,745 miles"
1,2017,BMW,X3,"$21,400 ","24,280 miles"
1,2015,ACURA,MDX,"$21,400 ","31,990 miles"
0,2012,DODGE,JOURNEY,"$44,500 ","86,121 miles"
0,2010,MERCEDES-BENZ,GL-CLASS GL 350,"$44,500 ","82,829 miles"
0,2010,NISSAN,ROGUE,"$43,995 ","90,543 miles"
1,2015,ACURA,RDX,"$43,995 ","42,025 miles"
1,2017,BMW,X1,"$13,474 ","7,164 miles"
0,2016,JEEP,RENEGADE,"$16,694 ","46,910 miles"
0,2015,JEEP,PATRIOT,"$16,694 ","54,159 miles"
0,2017,VOLVO,XC90 T5,"$12,999 ","7,715 miles"
1,2015,BMW,X1,"$12,999 ","26,318 miles"
1,2013,ACURA,RDX,"$41,995 ","66,769 miles"
0,2015,AUDI,Q7 PREMIUM,"$41,995 ","42,341 miles"
0,2015,JEEP,GRAND CHEROKEE,"$26,655 ","33,835 miles"
0,2011,NISSAN,MURANO,"$26,655 ","86,745 miles"
1,2017,BMW,X3,"$21,400 ","24,280 miles"
1,2015,ACURA,MDX,"$21,400 ","31,990 miles"
0,2012,DODGE,JOURNEY,"$44,500 ","86,121 miles"
0,2010,MERCEDES-BENZ,GL-CLASS GL 350,"$44,500 ","82,829 miles"
0,2010,NISSAN,ROGUE,"$43,995 ","90,543 miles"
1,2015,ACURA,RDX,"$43,995 ","42,025 miles"
1,2017,BMW,X1,"$13,474 ","7,164 miles"
0,2016,JEEP,RENEGADE,"$16,694 ","46,910 miles"
0,2015,JEEP,PATRIOT,"$16,694 ","54,159 miles"
0,2017,VOLVO,XC90 T5,"$12,999 ","7,715 miles"
1,2015,BMW,X1,"$12,999 ","26,318 miles"
1,2013,ACURA,RDX,"$41,995 ","66,769 miles"
0,2015,AUDI,Q7 PREMIUM,"$41,995 ","42,341 miles"
0,2015,JEEP,GRAND CHEROKEE,"$26,655 ","33,835 miles"
0,2011,NISSAN,MURANO,"$26,655 ","86,745 miles"
1,2017,BMW,X3,"$21,400 ","24,280 miles"
1,2015,ACURA,MDX,"$21,400 ","31,990 miles"
0,2012,DODGE,JOURNEY,"$44,500 ","86,121 miles"
0,2010,MERCEDES-BENZ,GL-CLASS GL 350,"$44,500 ","82,829 miles"
0,2010,NISSAN,ROGUE,"$43,995 ","90,543 miles"
1,2015,ACURA,RDX,"$43,995 ","42,025 miles"
1,2017,BMW,X1,"$13,474 ","7,164 miles"
0,2016,JEEP,RENEGADE,"$16,694 ","46,910 miles"
0,2015,JEEP,PATRIOT,"$16,694 ","54,159 miles"
0,2017,VOLVO,XC90 T5,"$12,999 ","7,715 miles"
1,2015,BMW,X1,"$12,999 ","26,318 miles"
1,2013,ACURA,RDX,"$41,995 ","66,769 miles"
0,2015,AUDI,Q7 PREMIUM,"$41,995 ","42,341 miles"
0,2015,JEEP,GRAND CHEROKEE,"$26,655 ","33,835 miles"
0,2011,NISSAN,MURANO,"$26,655 ","86,745 miles"
1,2017,BMW,X3,"$21,400 ","24,280 miles"
1,2015,ACURA,MDX,"$21,400 ","31,990 miles"
0,2012,DODGE,JOURNEY,"$44,500 ","86,121 miles"
0,2010,MERCEDES-BENZ,GL-CLASS GL 350,"$44,500 ","82,829 miles"
0,2010,NISSAN,ROGUE,"$43,995 ","90,543 miles"
1,2015,ACURA,RDX,"$43,995 ","42,025 miles"
1,2017,BMW,X1,"$13,474 ","7,164 miles"
0,2016,JEEP,RENEGADE,"$16,694 ","46,910 miles"
0,2015,JEEP,PATRIOT,"$16,694 ","54,159 miles"
0,2017,VOLVO,XC90 T5,"$12,999 ","7,715 miles"
1,2015,BMW,X1,"$12,999 ","26,318 miles"
1,2013,ACURA,RDX,"$41,995 ","66,769 miles"
0,2015,AUDI,Q7 PREMIUM,"$41,995 ","42,341 miles"
0,2015,JEEP,GRAND CHEROKEE,"$26,655 ","33,835 miles"
0,2011,NISSAN,MURANO,"$26,655 ","86,745 miles"
1,2017,BMW,X3,"$21,400 ","24,280 miles"
1,2015,ACURA,MDX,"$21,400 ","31,990 miles"
0,2012,DODGE,JOURNEY,"$44,500 ","86,121 miles"
0,2010,MERCEDES-BENZ,GL-CLASS GL 350,"$44,500 ","82,829 miles"
0,2010,NISSAN,ROGUE,"$43,995 ","90,543 miles"
1,2015,ACURA,RDX,"$43,995 ","42,025 miles"
1,2017,BMW,X1,"$13,474 ","7,164 miles"
0,2016,JEEP,RENEGADE,"$16,694 ","46,910 miles"
0,2015,JEEP,PATRIOT,"$16,694 ","54,159 miles"
0,2017,VOLVO,XC90 T5,"$12,999 ","7,715 miles"
1,2015,BMW,X1,"$12,999 ","26,318 miles"
1,2013,ACURA,RDX,"$41,995 ","66,769 miles"
0,2015,AUDI,Q7 PREMIUM,"$41,995 ","42,341 miles"
0,2015,JEEP,GRAND CHEROKEE,"$26,655 ","33,835 miles"
0,2011,NISSAN,MURANO,"$26,655 ","86,745 miles"
1,2017,BMW,X3,"$21,400 ","24,280 miles"
1,2015,ACURA,MDX,"$21,400 ","31,990 miles"
0,2012,DODGE,JOURNEY,"$44,500 ","86,121 miles"
0,2010,MERCEDES-BENZ,GL-CLASS GL 350,"$44,500 ","82,829 miles"
0,2010,NISSAN,ROGUE,"$43,995 ","90,543 miles"
1,2015,ACURA,RDX,"$43,995 ","42,025 miles"
1,2017,BMW,X1,"$13,474 ","7,164 miles"
0,2016,JEEP,RENEGADE,"$16,694 ","46,910 miles"
0,2015,JEEP,PATRIOT,"$16,694 ","54,159 miles"
0,2017,VOLVO,XC90 T5,"$12,999 ","7,715 miles"
1,2015,BMW,X1,"$12,999 ","26,318 miles"
1,2013,ACURA,RDX,"$41,995 ","66,769 miles"
0,2015,AUDI,Q7 PREMIUM,"$41,995 ","42,341 miles"
0,2015,JEEP,GRAND CHEROKEE,"$26,655 ","33,835 miles"
0,2011,NISSAN,MURANO,"$26,655 ","86,745 miles"
1,2017,BMW,X3,"$21,400 ","24,280 miles"
1,2015,ACURA,MDX,"$21,400 ","31,990 miles"
0,2012,DODGE,JOURNEY,"$44,500 ","86,121 miles"
0,2010,MERCEDES-BENZ,GL-CLASS GL 350,"$44,500 ","82,829 miles"
0,2010,NISSAN,ROGUE,"$43,995 ","90,543 miles"
1,2015,ACURA,RDX,"$43,995 ","42,025 miles"
1,2017,BMW,X1,"$13,474 ","7,164 miles"
0,2016,JEEP,RENEGADE,"$16,694 ","46,910 miles"
0,2015,JEEP,PATRIOT,"$16,694 ","54,159 miles"
0,2017,VOLVO,XC90 T5,"$12,999 ","7,715 miles"
1,2015,BMW,X1,"$12,999 ","26,318 miles"
1,2013,ACURA,RDX,"$41,995 ","66,769 miles"
0,2015,AUDI,Q7 PREMIUM,"$41,995 ","42,341 miles"
0,2015,JEEP,GRAND CHEROKEE,"$26,655 ","33,835 miles"
0,2011,NISSAN,MURANO,"$26,655 ","86,745 miles"
1,2017,BMW,X3,"$21,400 ","24,280 miles"
1,2015,ACURA,MDX,"$21,400 ","31,990 miles"
0,2012,DODGE,JOURNEY,"$44,500 ","86,121 miles"
0,2010,MERCEDES-BENZ,GL-CLASS GL 350,"$44,500 ","82,829 miles"
0,2010,NISSAN,ROGUE,"$43,995 ","90,543 miles"
1,2015,ACURA,RDX,"$43,995 ","42,025 miles"
1,2017,BMW,X1,"$13,474 ","7,164 miles"
0,2016,JEEP,RENEGADE,"$16,694 ","46,910 miles"
0,2015,JEEP,PATRIOT,"$16,694 ","54,159 miles"
0,2017,VOLVO,XC90 T5,"$12,999 ","7,715 miles"
1,2015,BMW,X1,"$12,999 ","26,318 miles"
1,2013,ACURA,RDX,"$41,995 ","66,769 miles"
0,2015,AUDI,Q7 PREMIUM,"$41,995 ","42,341 miles"
0,2015,JEEP,GRAND CHEROKEE,"$26,655 ","33,835 miles"
0,2011,NISSAN,MURANO,"$26,655 ","86,745 miles"
1,2017,BMW,X3,"$21,400 ","24,280 miles"
1,2015,ACURA,MDX,"$21,400 ","31,990 miles"
0,2012,DODGE,JOURNEY,"$44,500 ","86,121 miles"
0,2010,MERCEDES-BENZ,GL-CLASS GL 350,"$44,500 ","82,829 miles"
0,2010,NISSAN,ROGUE,"$43,995 ","90,543 miles"
1,2015,ACURA,RDX,"$43,995 ","42,025 miles"
1,2017,BMW,X1,"$13,474 ","7,164 miles"
0,2016,JEEP,RENEGADE,"$16,694 ","46,910 miles"
0,2015,JEEP,PATRIOT,"$16,694 ","54,159 miles"
0,2017,VOLVO,XC90 T5,"$12,999 ","7,715 miles"
1,2015,BMW,X1,"$12,999 ","26,318 miles"
1,2013,ACURA,RDX,"$41,995 ","66,769 miles"
0,2015,AUDI,Q7 PREMIUM,"$41,995 ","42,341 miles"
0,2015,JEEP,GRAND CHEROKEE,"$26,655 ","33,835 miles"
0,2011,NISSAN,MURANO,"$26,655 ","86,745 miles"
1,2017,BMW,X3,"$21,400 ","24,280 miles"
1,2015,ACURA,MDX,"$21,400 ","31,990 miles"
0,2012,DODGE,JOURNEY,"$44,500 ","86,121 miles"
0,2010,MERCEDES-BENZ,GL-CLASS GL 350,"$44,500 ","82,829 miles"
0,2010,NISSAN,ROGUE,"$43,995 ","90,543 miles"
1,2015,ACURA,RDX,"$43,995 ","42,025 miles"
1,2017,BMW,X1,"$13,474 ","7,164 miles"
0,2016,JEEP,RENEGADE,"$16,694 ","46,910 miles"
0,2015,JEEP,PATRIOT,"$16,694 ","54,159 miles"
0,2017,VOLVO,XC90 T5,"$12,999 ","7,715 miles"
1,2015,BMW,X1,"$12,999 ","26,318 miles"
1,2013,ACURA,RDX,"$41,995 ","66,769 miles"
0,2015,AUDI,Q7 PREMIUM,"$41,995 ","42,341 miles"
0,2015,JEEP,GRAND CHEROKEE,"$26,655 ","33,835 miles"
0,2011,NISSAN,MURANO,"$26,655 ","86,745 miles"
1,2017,BMW,X3,"$21,400 ","24,280 miles"
1,2015,ACURA,MDX,"$21,400 ","31,990 miles"
0,2012,DODGE,JOURNEY,"$44,500 ","86,121 miles"
0,2010,MERCEDES-BENZ,GL-CLASS GL 350,"$44,500 ","82,829 miles"
0,2010,NISSAN,ROGUE,"$43,995 ","90,543 miles"
1,2015,ACURA,RDX,"$43,995 ","42,025 miles"
1,2017,BMW,X1,"$13,474 ","7,164 miles"
0,2016,JEEP,RENEGADE,"$16,694 ","46,910 miles"
0,2015,JEEP,PATRIOT,"$16,694 ","54,159 miles"
0,2017,VOLVO,XC90 T5,"$12,999 ","7,715 miles"
1,2015,BMW,X1,"$12,999 ","26,318 miles"
1,2013,ACURA,RDX,"$41,995 ","66,769 miles"
0,2015,AUDI,Q7 PREMIUM,"$41,995 ","42,341 miles"
0,2015,JEEP,GRAND CHEROKEE,"$26,655 ","33,835 miles"
0,2011,NISSAN,MURANO,"$26,655 ","86,745 miles"
1,2017,BMW,X3,"$21,400 ","24,280 miles"
1,2015,ACURA,MDX,"$21,400 ","31,990 miles"
0,2012,DODGE,JOURNEY,"$44,500 ","86,121 miles"
0,2010,MERCEDES-BENZ,GL-CLASS GL 350,"$44,500 ","82,829 miles"
0,2010,NISSAN,ROGUE,"$43,995 ","90,543 miles"
1,2015,ACURA,RDX,"$43,995 ","42,025 miles"
1,2017,BMW,X1,"$13,474 ","7,164 miles"
0,2016,JEEP,RENEGADE,"$16,694 ","46,910 miles"
0,2015,JEEP,PATRIOT,"$16,694 ","54,159 miles"
0,2017,VOLVO,XC90 T5,"$12,999 ","7,715 miles"
1,2015,BMW,X1,"$12,999 ","26,318 miles"
1,2013,ACURA,RDX,"$41,995 ","66,769 miles"
0,2015,AUDI,Q7 PREMIUM,"$41,995 ","42,341 miles"
0,2015,JEEP,GRAND CHEROKEE,"$26,655 ","33,835 miles"
0,2011,NISSAN,MURANO,"$26,655 ","86,745 miles"
1,2017,BMW,X3,"$21,400 ","24,280 miles"
1,2015,ACURA,MDX,"$21,400 ","31,990 miles"
0,2012,DODGE,JOURNEY,"$44,500 ","86,121 miles"
0,2010,MERCEDES-BENZ,GL-CLASS GL 350,"$44,500 ","82,829 miles"
0,2010,NISSAN,ROGUE,"$43,995 ","90,543 miles"
1,2015,ACURA,RDX,"$43,995 ","42,025 miles"
1,2017,BMW,X1,"$13,474 ","7,164 miles"
0,2016,JEEP,RENEGADE,"$16,694 ","46,910 miles"
0,2015,JEEP,PATRIOT,"$16,694 ","54,159 miles"
0,2017,VOLVO,XC90 T5,"$12,999 ","7,715 miles"
1,2015,BMW,X1,"$12,999 ","26,318 miles"
1,2013,ACURA,RDX,"$41,995 ","66,769 miles"
0,2015,AUDI,Q7 PREMIUM,"$41,995 ","42,341 miles"
0,2015,JEEP,GRAND CHEROKEE,"$26,655 ","33,835 miles"
0,2011,NISSAN,MURANO,"$26,655 ","86,745 miles"
1,2017,BMW,X3,"$21,400 ","24,280 miles"
1,2015,ACURA,MDX,"$21,400 ","31,990 miles"
0,2012,DODGE,JOURNEY,"$44,500 ","86,121 miles"
0,2010,MERCEDES-BENZ,GL-CLASS GL 350,"$44,500 ","82,829 miles"
0,2010,NISSAN,ROGUE,"$43,995 ","90,543 miles"
1,2015,ACURA,RDX,"$43,995 ","42,025 miles"
1,2017,BMW,X1,"$13,474 ","7,164 miles"
0,2016,JEEP,RENEGADE,"$16,694 ","46,910 miles"
0,2015,JEEP,PATRIOT,"$16,694 ","54,159 miles"
0,2017,VOLVO,XC90 T5,"$12,999 ","7,715 miles"
1,2015,BMW,X1,"$12,999 ","26,318 miles"
1,2013,ACURA,RDX,"$41,995 ","66,769 miles"
0,2015,AUDI,Q7 PREMIUM,"$41,995 ","42,341 miles"
0,2015,JEEP,GRAND CHEROKEE,"$26,655 ","33,835 miles"
0,2011,NISSAN,MURANO,"$26,655 ","86,745 miles"
1,2017,BMW,X3,"$21,400 ","24,280 miles"
1,2015,ACURA,MDX,"$21,400 ","31,990 miles"
0,2012,DODGE,JOURNEY,"$44,500 ","86,121 miles"
0,2010,MERCEDES-BENZ,GL-CLASS GL 350,"$44,500 ","82,829 miles"
0,2010,NISSAN,ROGUE,"$43,995 ","90,543 miles"
1,2015,ACURA,RDX,"$43,995 ","42,025 miles"
1,2017,BMW,X1,"$13,474 ","7,164 miles"
0,2016,JEEP,RENEGADE,"$16,694 ","46,910 miles"
0,2015,JEEP,PATRIOT,"$16,694 ","54,159 miles"
0,2017,VOLVO,XC90 T5,"$12,999 ","7,715 miles"
1,2015,BMW,X1,"$12,999 ","26,318 miles"
1,2013,ACURA,RDX,"$41,995 ","66,769 miles"
0,2015,AUDI,Q7 PREMIUM,"$41,995 ","42,341 miles"
0,2015,JEEP,GRAND CHEROKEE,"$26,655 ","33,835 miles"
0,2011,NISSAN,MURANO,"$26,655 ","86,745 miles"
1,2017,BMW,X3,"$21,400 ","24,280 miles"
1,2015,ACURA,MDX,"$21,400 ","31,990 miles"
0,2012,DODGE,JOURNEY,"$44,500 ","86,121 miles"
0,2010,MERCEDES-BENZ,GL-CLASS GL 350,"$44,500 ","82,829 miles"
0,2010,NISSAN,ROGUE,"$43,995 ","90,543 miles"
1,2015,ACURA,RDX,"$43,995 ","42,025 miles"
1,2017,BMW,X1,"$13,474 ","7,164 miles"
0,2016,JEEP,RENEGADE,"$16,694 ","46,910 miles"
0,2015,JEEP,PATRIOT,"$16,694 ","54,159 miles"
0,2017,VOLVO,XC90 T5,"$12,999 ","7,715 miles"
1,2015,BMW,X1,"$12,999 ","26,318 miles"
1,2013,ACURA,RDX,"$41,995 ","66,769 miles"
0,2015,AUDI,Q7 PREMIUM,"$41,995 ","42,341 miles"
0,2015,JEEP,GRAND CHEROKEE,"$26,655 ","33,835 miles"
0,2011,NISSAN,MURANO,"$26,655 ","86,745 miles"
1,2017,BMW,X3,"$21,400 ","24,280 miles"
1,2015,ACURA,MDX,"$21,400 ","31,990 miles"
0,2012,DODGE,JOURNEY,"$44,500 ","86,121 miles"
0,2010,MERCEDES-BENZ,GL-CLASS GL 350,"$44,500 ","82,829 miles"
0,2010,NISSAN,ROGUE,"$43,995 ","90,543 miles"
1,2015,ACURA,RDX,"$43,995 ","42,025 miles"
1,2017,BMW,X1,"$13,474 ","7,164 miles"
0,2016,JEEP,RENEGADE,"$16,694 ","46,910 miles"
0,2015,JEEP,PATRIOT,"$16,694 ","54,159 miles"
0,2017,VOLVO,XC90 T5,"$12,999 ","7,715 miles"
1,2015,BMW,X1,"$12,999 ","26,318 miles"
1,2013,ACURA,RDX,"$41,995 ","66,769 miles"
0,2015,AUDI,Q7 PREMIUM,"$41,995 ","42,341 miles"
0,2015,JEEP,GRAND CHEROKEE,"$26,655 ","33,835 miles"
0,2011,NISSAN,MURANO,"$26,655 ","86,745 miles"
1,2017,BMW,X3,"$21,400 ","24,280 miles"
1,2015,ACURA,MDX,"$21,400 ","31,990 miles"
0,2012,DODGE,JOURNEY,"$44,500 ","86,121 miles"
0,2010,MERCEDES-BENZ,GL-CLASS GL 350,"$44,500 ","82,829 miles"
0,2010,NISSAN,ROGUE,"$43,995 ","90,543 miles"
1,2015,ACURA,RDX,"$43,995 ","42,025 miles"
1,2017,BMW,X1,"$13,474 ","7,164 miles"
0,2016,JEEP,RENEGADE,"$16,694 ","46,910 miles"
0,2015,JEEP,PATRIOT,"$16,694 ","54,159 miles"
0,2017,VOLVO,XC90 T5,"$12,999 ","7,715 miles"
1,2015,BMW,X1,"$12,999 ","26,318 miles"
1,2013,ACURA,RDX,"$41,995 ","66,769 miles"
0,2015,AUDI,Q7 PREMIUM,"$41,995 ","42,341 miles"
0,2015,JEEP,GRAND CHEROKEE,"$26,655 ","33,835 miles"
0,2011,NISSAN,MURANO,"$26,655 ","86,745 miles"
1,2017,BMW,X3,"$21,400 ","24,280 miles"
1,2015,ACURA,MDX,"$21,400 ","31,990 miles"
0,2012,DODGE,JOURNEY,"$44,500 ","86,121 miles"
0,2010,MERCEDES-BENZ,GL-CLASS GL 350,"$44,500 ","82,829 miles"
0,2010,NISSAN,ROGUE,"$43,995 ","90,543 miles"
1,2015,ACURA,RDX,"$43,995 ","42,025 miles"
1,2017,BMW,X1,"$13,474 ","7,164 miles"
0,2016,JEEP,RENEGADE,"$16,694 ","46,910 miles"
0,2015,JEEP,PATRIOT,"$16,694 ","54,159 miles"
0,2017,VOLVO,XC90 T5,"$12,999 ","7,715 miles"
1,2015,BMW,X1,"$12,999 ","26,318 miles"
1,2013,ACURA,RDX,"$41,995 ","66,769 miles"
0,2015,AUDI,Q7 PREMIUM,"$41,995 ","42,341 miles"
0,2015,JEEP,GRAND CHEROKEE,"$26,655 ","33,835 miles"
0,2011,NISSAN,MURANO,"$26,655 ","86,745 miles"
1,2017,BMW,X3,"$21,400 ","24,280 miles"
1,2015,ACURA,MDX,"$21,400 ","31,990 miles"
0,2012,DODGE,JOURNEY,"$44,500 ","86,121 miles"
0,2010,MERCEDES-BENZ,GL-CLASS GL 350,"$44,500 ","82,829 miles"
0,2010,NISSAN,ROGUE,"$43,995 ","90,543 miles"
1,2015,ACURA,RDX,"$43,995 ","42,025 miles"
1,2017,BMW,X1,"$13,474 ","7,164 miles"
0,2016,JEEP,RENEGADE,"$16,694 ","46,910 miles"
0,2015,JEEP,PATRIOT,"$16,694 ","54,159 miles"
0,2017,VOLVO,XC90 T5,"$12,999 ","7,715 miles"
1,2015,BMW,X1,"$12,999 ","26,318 miles"
1,2013,ACURA,RDX,"$41,995 ","66,769 miles"
0,2015,AUDI,Q7 PREMIUM,"$41,995 ","42,341 miles"
0,2015,JEEP,GRAND CHEROKEE,"$26,655 ","33,835 miles"
0,2011,NISSAN,MURANO,"$26,655 ","86,745 miles"
1,2017,BMW,X3,"$21,400 ","24,280 miles"
1,2015,ACURA,MDX,"$21,400 ","31,990 miles"
0,2012,DODGE,JOURNEY,"$44,500 ","86,121 miles"
0,2010,MERCEDES-BENZ,GL-CLASS GL 350,"$44,500 ","82,829 miles"
0,2010,NISSAN,ROGUE,"$43,995 ","90,543 miles"
1,2015,ACURA,RDX,"$43,995 ","42,025 miles"
1,2017,BMW,X1,"$13,474 ","7,164 miles"
