,0,1,2,3,4,5
0,0,2016,DODGE,DURANGO,"$34,991 ","12,234 miles"
1,0,2014,BMW,X5,"$34,991 ","32,206 miles"
2,1,2014,HONDA,CR-V,"$41,556 ","19,407 miles"
3,0,2016,MAZDA,CX-3 GRAND,"$41,556 ",50 miles
4,0,2013,HONDA,CR-V,"$17,913 ","60,701 miles"
5,0,2015,JEEP,GRAND CHEROKEE LIMITED,"$17,913 ","17,726 miles"
6,0,2014,NISSAN,MURANO,"$24,900 ","33,345 miles"
7,0,2015,JEEP,WRANGLER UNLIMITED,"$24,900 ","47,312 miles"
8,0,2008,HONDA,CR-V,"$13,996 ","133,951 miles"
9,0,2010,JEEP,WRANGLER,"$13,996 ","78,649 miles"
10,0,2017,NISSAN,ROGUE,"$35,991 ","11,535 miles"
11,0,2014,TOYOTA,HIGHLANDER,"$35,991 ","20,600 miles"
12,0,2012,MERCEDES-BENZ,GL-CLASS GL 350,"$23,680 ","78,742 miles"
13,0,2015,DODGE,DURANGO,"$23,680 ","21,997 miles"
15,0,2014,BMW,X3,"$21,995 ","38,810 miles"
16,0,2015,LEXUS,NX,"$26,780 ","25,427 miles"
17,0,2014,FORD,ESCAPE,"$26,780 ","36,590 miles"
18,0,2016,NISSAN,ROGUE,"$32,998 ","7,122 miles"
19,1,2015,HONDA,PILOT,"$14,980 ","34,844 miles"
20,1,2015,HONDA,PILOT,"$14,980 ","33,581 miles"
23,0,2015,NISSAN,ROGUE,"$34,980 ","2,903 miles"
25,1,2014,ACURA,MDX,"$27,295 ","36,514 miles"
26,0,2016,NISSAN,ROGUE,"$27,295 ","1,671 miles"
27,1,2014,HONDA,CR-V,"$26,890 ","30,779 miles"
28,0,2015,NISSAN,ROGUE,"$12,933 ","22,161 miles"
29,0,2015,TOYOTA,HIGHLANDER LE,"$12,933 ","20,580 miles"
30,1,2015,LEXUS,RX 350 F,"$29,995 ","27,521 miles"
31,0,2011,MERCEDES-BENZ,GL-CLASS GL 450,"$29,995 ","94,035 miles"
32,0,2016,JEEP,GRAND CHEROKEE,"$34,998 ","5,123 miles"
33,1,2014,MAZDA,CX-5,"$34,998 ","33,650 miles"
34,1,2015,LEXUS,RX,"$19,990 ","29,660 miles"
35,1,2018,BMW,X4,"$19,990 ","4,745 miles"
36,0,2014,JEEP,WRANGLER UNLIMITED,"$33,991 ","28,073 miles"
37,0,2011,TOYOTA,RAV4,"$33,991 ","78,655 miles"
38,0,2017,FORD,ESCAPE,"$18,900 ","3,001 miles"
40,0,2015,ACURA,RDX,"$32,995 ","47,950 miles"
41,1,2015,BMW,X5,"$50,999 ","45,320 miles"
42,1,2016,MAZDA,CX-3,"$19,974 ","17,446 miles"
43,0,2015,BMW,X5,"$19,974 ","26,613 miles"
44,0,2015,JEEP,GRAND CHEROKEE LIMITED,"$37,595 ","34,796 miles"
45,0,2015,BMW,X5,"$28,991 ","51,201 miles"
46,1,2015,BMW,X1,"$28,991 ","38,165 miles"
47,0,2017,JEEP,GRAND CHEROKEE LIMITED,"$18,995 ","4,834 miles"
48,0,2007,TOYOTA,RAV4,"$18,995 ","142,188 miles"
49,0,2015,JEEP,GRAND CHEROKEE,"$42,995 ","35,297 miles"
50,0,2012,CHEVROLET,CAPTIVA SPORT,"$42,995 ","135,482 miles"
51,0,2016,MAZDA,CX-5,"$26,654 ","32,907 miles"
52,0,2016,TOYOTA,RAV4,"$26,654 ","41,467 miles"
53,0,2015,TOYOTA,HIGHLANDER LE,"$34,991 ","28,294 miles"
55,0,2014,JEEP,COMPASS,"$6,995 ","28,006 miles"
56,1,2014,HONDA,PILOT,"$23,480 ","38,925 miles"
59,0,2006,JEEP,GRAND CHEROKEE,"$19,782 ","127,207 miles"
60,0,2011,BMW,X5 XDRIVE35I,"$21,496 ","112,127 miles"
62,1,2015,FORD,EXPLORER,"$8,995 ","50,910 miles"
63,1,2012,HONDA,PILOT,"$8,995 ","52,890 miles"
64,1,2015,LEXUS,GX 460,"$14,933 ","17,962 miles"
65,1,2015,BMW,X5,"$14,933 ","44,093 miles"
66,0,2015,JEEP,WRANGLER UNLIMITED,"$33,483 ","35,678 miles"
68,0,2014,JEEP,PATRIOT,"$26,239 ","36,160 miles"
69,0,2014,JEEP,GRAND CHEROKEE LIMITED,"$26,239 ","35,395 miles"
70,0,2011,HONDA,ACCORD CROSSTOUR,"$23,945 ","58,133 miles"
71,1,2014,HONDA,CR-V,"$18,046 ","17,977 miles"
72,0,2015,MAZDA,CX-5 GRAND,"$18,046 ","27,702 miles"
73,0,2016,BMW,X5,"$18,995 ","28,280 miles"
74,0,2010,LEXUS,RX,"$18,995 ","53,827 miles"
76,0,2013,BMW,X5,"$18,491 ","46,566 miles"
77,0,2012,MERCEDES-BENZ,GL-CLASS GL 450,"$18,491 ","91,758 miles"
78,0,2015,JEEP,GRAND CHEROKEE LIMITED,"$37,995 ","34,210 miles"
79,0,2014,JEEP,PATRIOT,"$37,995 ","23,103 miles"
80,0,2015,JEEP,GRAND CHEROKEE,"$18,999 ","10,905 miles"
81,0,2014,TOYOTA,HIGHLANDER,"$18,999 ","18,474 miles"
83,0,2015,JEEP,GRAND CHEROKEE LIMITED,"$29,933 ","34,834 miles"
84,0,2016,JEEP,PATRIOT,"$21,990 ","37,815 miles"
86,0,2015,DODGE,DURANGO,"$18,980 ","17,628 miles"
87,0,2014,JEEP,WRANGLER UNLIMITED,"$36,700 ","78,235 miles"
88,1,2015,FORD,EXPLORER,"$36,700 ","50,550 miles"
89,0,2011,HONDA,CR-V,"$27,596 ","61,736 miles"
90,0,2014,FORD,ESCAPE,"$27,596 ","25,678 miles"
91,0,2016,AUDI,Q3 PREMIUM,"$31,266 ","32,957 miles"
92,1,2017,BMW,X1,"$31,266 ","5,779 miles"
93,0,2015,TOYOTA,RAV4 LIMITED,"$13,913 ","63,960 miles"
94,0,2014,BMW,X5,"$13,913 ","36,033 miles"
96,0,2015,JEEP,CHEROKEE,"$17,662 ","38,621 miles"
97,1,2016,LEXUS,RX 350,"$28,750 ","25,986 miles"
98,1,2015,BMW,X3,"$28,750 ","32,028 miles"
99,0,2015,JEEP,GRAND CHEROKEE,"$33,999 ","33,727 miles"
100,0,2015,ACURA,MDX,"$34,995 ","29,625 miles"
101,0,2013,TOYOTA,4RUNNER LIMITED,"$34,995 ","49,353 miles"
102,0,2014,JEEP,GRAND CHEROKEE LIMITED,"$32,992 ","32,281 miles"
103,0,2015,VOLVO,XC60 T5 PREMIER,"$32,992 ","31,131 miles"
104,1,2014,HONDA,CR-V,"$26,991 ","43,531 miles"
105,0,2014,NISSAN,MURANO,"$26,991 ","28,561 miles"
106,0,2013,LEXUS,GX,"$22,995 ","40,788 miles"
107,0,2011,LEXUS,RX 350,"$19,880 ","61,180 miles"
108,0,2017,JEEP,CHEROKEE,"$19,880 ","20,383 miles"
109,1,2015,LEXUS,GX 460,"$20,891 ","49,709 miles"
110,0,2012,JEEP,GRAND CHEROKEE,"$33,698 ","81,575 miles"
111,0,2011,CHEVROLET,SUBURBAN 1500,"$33,698 ","92,920 miles"
112,0,2014,NISSAN,PATHFINDER,"$32,992 ","68,595 miles"
113,0,2010,NISSAN,XTERRA,"$13,980 ","107,729 miles"
114,0,2015,JEEP,CHEROKEE,"$13,980 ","29,259 miles"
115,0,2014,TOYOTA,HIGHLANDER,"$21,492 ","65,165 miles"
116,1,2016,LEXUS,GX,"$21,492 ","19,502 miles"
117,0,2014,NISSAN,ROGUE,"$26,992 ","32,693 miles"
119,1,2014,LEXUS,GX,"$46,095 ","34,926 miles"
121,1,2015,BMW,X5,"$14,995 ","49,315 miles"
123,0,2014,BMW,X5,"$32,470 ","37,291 miles"
124,0,2017,DODGE,JOURNEY,"$19,485 ","13,065 miles"
125,0,2015,FORD,EXPLORER LIMITED,"$19,485 ","41,906 miles"
126,0,2011,HONDA,CR-V,"$37,595 ","28,424 miles"
127,0,2017,BMW,X1,"$37,988 ","4,624 miles"
128,1,2013,HONDA,CR-V,"$37,988 ","38,384 miles"
129,0,2012,MERCEDES-BENZ,M-CLASS ML 350,"$19,995 ","62,871 miles"
130,0,2014,HONDA,CR-V,"$26,895 ","41,240 miles"
132,0,2014,MERCEDES-BENZ,M-CLASS ML 350,"$24,995 ","57,715 miles"
133,1,2014,HONDA,CR-V,"$24,995 ","34,010 miles"
134,0,2016,TOYOTA,4RUNNER,"$18,480 ","35,746 miles"
135,0,2013,NISSAN,PATHFINDER,"$18,480 ","56,842 miles"
136,1,2015,HONDA,CR-V,"$14,933 ","32,642 miles"
137,1,2015,BMW,X5,"$14,933 ","26,823 miles"
138,1,2014,HONDA,CR-V,"$26,995 ","43,051 miles"
140,1,2014,HONDA,CR-V,"$17,218 ","22,729 miles"
141,0,2017,BMW,X1,"$39,995 ","6,581 miles"
142,1,2016,HONDA,PILOT,"$39,995 ","13,839 miles"
143,1,2014,HONDA,CR-V,"$34,913 ","50,560 miles"
144,1,2013,TOYOTA,RAV4,"$34,913 ","42,393 miles"
145,0,2014,JEEP,PATRIOT,"$15,356 ","39,995 miles"
146,0,2016,LEXUS,NX,"$15,995 ","18,978 miles"
147,0,2017,MAZDA,CX-3,"$15,995 ","6,334 miles"
148,1,2015,LEXUS,NX 200T F,"$32,800 ","23,516 miles"
149,1,2015,HONDA,PILOT,"$32,800 ","32,059 miles"
150,0,2017,JEEP,COMPASS,"$14,597 ","10,267 miles"
152,0,2011,AUDI,Q5 PREMIUM,"$33,995 ","91,395 miles"
154,1,2014,HONDA,PILOT,"$19,888 ","41,981 miles"
155,0,2015,LEXUS,RX,"$24,995 ","34,328 miles"
156,0,2012,HONDA,ACCORD CROSSTOUR,"$32,481 ","38,045 miles"
157,1,2015,HONDA,CR-V,"$32,481 ","38,398 miles"
158,0,2015,JEEP,WRANGLER UNLIMITED,"$18,513 ","28,138 miles"
159,0,2012,MERCEDES-BENZ,M-CLASS ML 350,"$18,513 ","77,001 miles"
160,0,2014,BMW,X6,"$36,995 ","42,102 miles"
161,0,2015,MAZDA,CX-5 GRAND,"$27,797 ","24,195 miles"
162,0,2014,FORD,EXPLORER,"$27,797 ","59,745 miles"
163,0,2014,MAZDA,CX-9,"$36,995 ","35,307 miles"
164,1,2014,FORD,EDGE,"$36,995 ","34,350 miles"
165,1,2015,FORD,EXPLORER,"$21,990 ","21,860 miles"
168,0,2015,HONDA,PILOT,"$16,980 ","49,364 miles"
169,1,2015,BMW,X3,"$27,995 ","22,547 miles"
170,0,2017,BMW,X3,"$27,995 ","3,124 miles"
172,0,2014,JEEP,CHEROKEE,"$66,900 ","36,642 miles"
175,1,2014,FORD,ESCAPE,"$45,988 ","50,220 miles"
176,0,2017,JEEP,GRAND CHEROKEE LIMITED,"$45,988 ","17,879 miles"
177,1,2014,BMW,X1,"$22,999 ","20,400 miles"
178,0,2013,AUDI,Q5 PREMIUM,"$22,999 ","83,165 miles"
179,1,2015,ACURA,MDX,"$18,995 ","56,381 miles"
180,0,2012,BMW,X5 XDRIVE35I,"$18,980 ","83,183 miles"
182,0,2017,BMW,X3,"$24,160 ","4,951 miles"
183,1,2015,MAZDA,CX-5,"$24,160 ","36,122 miles"
184,0,2011,TOYOTA,RAV4,"$45,998 ","36,734 miles"
185,0,2016,JEEP,COMPASS HIGH ALTITUDE,"$45,998 ","10,340 miles"
187,0,2012,JEEP,WRANGLER UNLIMITED,"$19,900 ","41,310 miles"
188,1,2014,BMW,X3,"$11,995 ","30,877 miles"
189,0,2014,NISSAN,ROGUE SELECT,"$11,995 ","35,340 miles"
190,0,2017,BMW,X5,"$16,886 ","4,650 miles"
191,1,2014,BMW,X6,"$8,995 ","20,540 miles"
192,0,2014,NISSAN,ROGUE,"$8,995 ","22,904 miles"
193,0,2015,MAZDA,CX-5 GRAND,"$26,995 ","45,376 miles"
194,0,2012,JEEP,GRAND CHEROKEE,"$18,992 ","83,565 miles"
195,1,2016,HONDA,CR-V,"$18,992 ","4,263 miles"
196,0,2015,JEEP,GRAND CHEROKEE LIMITED,"$28,495 ","44,529 miles"
198,0,2012,DODGE,DURANGO,"$26,991 ","80,575 miles"
199,0,2015,HONDA,CR-V,"$26,991 ","76,136 miles"
200,0,2017,BMW,X1,"$18,797 ","3,126 miles"
201,1,2013,MAZDA,CX-5,"$18,797 ","25,456 miles"
202,0,2015,BMW,X5,"$19,888 ","58,940 miles"
204,1,2017,MAZDA,CX-9,"$19,795 ","19,250 miles"
206,0,2013,JEEP,GRAND CHEROKEE,"$39,998 ","62,351 miles"
207,1,2017,MAZDA,CX-9 GRAND,"$39,998 ","14,282 miles"
209,1,2015,LEXUS,RX,"$35,495 ","14,116 miles"
210,0,2010,JEEP,LIBERTY,"$35,495 ","79,083 miles"
211,1,2015,FORD,EXPLORER,"$9,495 ","37,100 miles"
212,1,2015,ACURA,RDX,"$9,495 ","20,209 miles"
213,0,2014,FORD,EXPLORER,"$31,730 ","43,168 miles"
215,0,2014,NISSAN,MURANO,"$28,970 ","21,947 miles"
216,0,2012,HONDA,ACCORD CROSSTOUR,"$21,991 ","69,707 miles"
217,1,2016,FORD,FLEX,"$21,991 ","35,650 miles"
218,0,2008,NISSAN,ROGUE,"$17,987 ","94,367 miles"
219,0,2014,NISSAN,ROGUE,"$17,987 ","33,600 miles"
220,1,2014,MAZDA,CX-9,"$17,885 ","29,056 miles"
221,0,2016,NISSAN,MURANO,"$17,885 ","11,806 miles"
222,0,2013,JEEP,WRANGLER,"$8,800 ","72,152 miles"
223,0,2016,LEXUS,RX,"$44,995 ","8,612 miles"
226,1,2016,HONDA,PILOT,"$22,897 ","47,276 miles"
227,0,2013,DODGE,DURANGO,"$13,933 ","36,646 miles"
228,1,2014,ACURA,MDX,"$35,995 ","45,907 miles"
230,0,2011,MERCEDES-BENZ,GL-CLASS GL 450,"$7,995 ","69,869 miles"
231,1,2014,HONDA,CR-V,"$23,991 ","35,918 miles"
233,1,2014,HONDA,CR-V,"$26,988 ","31,286 miles"
234,0,2017,MERCEDES-BENZ,GLE 350,"$26,988 ","6,851 miles"
235,0,2014,LEXUS,RX,"$30,000 ","32,174 miles"
236,1,2015,BMW,X5,"$41,886 ","43,026 miles"
238,0,2016,NISSAN,ROGUE,"$16,895 ","35,707 miles"
239,1,2017,MAZDA,CX-3,"$16,895 ","7,405 miles"
240,0,2014,JEEP,GRAND CHEROKEE LIMITED,"$13,995 ","51,974 miles"
241,0,2015,CHEVROLET,TRAX,"$21,250 ","4,493 miles"
242,1,2015,HONDA,PILOT,"$21,250 ","59,753 miles"
243,0,2015,AUDI,Q5,"$23,495 ","28,007 miles"
244,0,2015,NISSAN,PATHFINDER,"$9,188 ","30,953 miles"
245,1,2014,BMW,X1,"$9,188 ","24,139 miles"
246,0,2011,HONDA,PILOT,"$17,388 ","81,224 miles"
247,1,2015,ACURA,MDX,"$17,388 ","53,040 miles"
248,0,2016,DODGE,DURANGO,"$27,355 ","17,017 miles"
249,0,2016,NISSAN,MURANO,"$22,992 ","35,426 miles"
250,0,2010,NISSAN,MURANO,"$22,992 ","123,564 miles"
251,0,2015,LEXUS,GX,"$10,495 ","40,162 miles"
252,0,2016,HONDA,PILOT,"$10,495 ","23,831 miles"
254,0,2015,JEEP,GRAND CHEROKEE LIMITED,"$37,496 ","61,148 miles"
255,0,2008,JEEP,WRANGLER UNLIMITED,"$33,862 ","52,932 miles"
256,0,2015,CHEVROLET,EQUINOX LT,"$33,862 ","55,324 miles"
258,0,2008,LEXUS,GX,"$27,988 ","78,465 miles"
259,1,2017,BMW,X5,"$26,895 ","3,478 miles"
260,0,2014,NISSAN,ROGUE,"$26,895 ","32,531 miles"
261,0,2017,BMW,X1,"$17,991 ","4,660 miles"
262,1,2016,ACURA,RDX,"$17,991 ","8,756 miles"
263,1,2013,ACURA,RDX,"$13,995 ","60,393 miles"
264,1,2014,MAZDA,CX-5,"$16,900 ","40,040 miles"
265,0,2006,HONDA,ELEMENT,"$16,900 ","98,708 miles"
266,0,2015,BMW,X5,"$7,900 ","44,848 miles"
267,0,2015,AUDI,Q5,"$7,900 ","35,665 miles"
268,1,2015,LEXUS,RX 350,"$35,588 ","31,355 miles"
269,1,2014,BMW,X5,"$35,588 ","37,240 miles"
270,0,2016,VOLVO,XC90 T6,"$30,000 ","37,628 miles"
271,0,2015,TOYOTA,RAV4 LIMITED,"$30,000 ","28,492 miles"
272,0,2011,MAZDA,CX-9,"$31,995 ","81,404 miles"
273,0,2017,BMW,X5,"$31,995 ","4,374 miles"
274,1,2015,FORD,EXPLORER,"$40,998 ","46,570 miles"
276,0,2011,LEXUS,RX,"$40,795 ","46,919 miles"
277,1,2017,BMW,X4,"$40,795 ","11,856 miles"
278,0,2015,MAZDA,CX-5 GRAND,"$22,888 ","35,016 miles"
279,1,2016,CHEVROLET,TRAX,"$20,917 ","22,384 miles"
280,1,2017,BMW,X1,"$20,917 ","11,675 miles"
281,1,2015,BMW,X1,"$36,872 ","15,914 miles"
282,1,2015,FORD,EXPLORER,"$36,872 ","31,970 miles"
283,1,2015,HONDA,PILOT,"$23,888 ","26,400 miles"
284,0,2017,MERCEDES-BENZ,GLC 300,"$23,888 ","4,882 miles"
285,1,2014,MAZDA,CX-9,"$27,998 ","48,427 miles"
286,0,2015,AUDI,Q7 PREMIUM,"$27,998 ","37,625 miles"
287,1,2015,BMW,X4,"$47,496 ","30,089 miles"
288,0,2015,NISSAN,MURANO,"$47,496 ","14,980 miles"
289,1,2014,MAZDA,CX-5,"$9,995 ","40,481 miles"
290,0,2017,JEEP,PATRIOT,"$9,995 ",381 miles
291,0,2015,CHEVROLET,EQUINOX LT,"$23,900 ","31,085 miles"
292,0,2014,CHEVROLET,EQUINOX LT,"$16,995 ","50,891 miles"
293,0,2017,BMW,X3,"$16,995 ","10,318 miles"
294,0,2015,JEEP,GRAND CHEROKEE LIMITED,"$40,999 ","68,596 miles"
297,1,2014,JEEP,GRAND CHEROKEE LIMITED,"$15,795 ","33,384 miles"
298,0,2015,JEEP,GRAND CHEROKEE,"$15,795 ","43,341 miles"
300,0,2012,BMW,X5,"$34,000 ","33,411 miles"
301,0,2011,BMW,X5,"$23,997 ","75,820 miles"
302,1,2016,FORD,EXPEDITION EL,"$23,997 ","34,520 miles"
303,0,2007,HONDA,CR-V,"$26,988 ","102,589 miles"
304,0,2015,MERCEDES-BENZ,M-CLASS ML 350,"$26,988 ","47,365 miles"
305,1,2015,MAZDA,CX-5,"$33,288 ","33,684 miles"
306,0,2013,TOYOTA,RAV4,"$16,993 ","46,083 miles"
307,1,2014,LEXUS,GX 460,"$16,993 ","26,554 miles"
308,0,2013,TOYOTA,RAV4 LIMITED,"$39,696 ","43,107 miles"
310,0,2014,AUDI,Q5,"$17,996 ","59,655 miles"
311,1,2014,HONDA,CR-V,"$17,996 ","25,248 miles"
312,1,2015,MAZDA,CX-5 GRAND,"$29,997 ","31,934 miles"
313,0,2013,JEEP,WRANGLER,"$29,997 ","52,540 miles"
314,0,2014,JEEP,GRAND CHEROKEE LIMITED,"$29,586 ","32,034 miles"
315,0,2011,MERCEDES-BENZ,GL-CLASS GL 350,"$29,586 ","90,962 miles"
316,0,2015,JEEP,WRANGLER,"$18,765 ","22,009 miles"
318,1,2015,MAZDA,CX-5,"$21,500 ","34,982 miles"
319,0,2014,BMW,X3,"$21,500 ","28,778 miles"
320,1,2017,BMW,X5,"$22,988 ","5,208 miles"
321,0,2015,TOYOTA,RAV4,"$21,554 ","17,672 miles"
322,1,2015,LEXUS,NX,"$21,554 ","34,542 miles"
323,1,2016,ACURA,MDX ADVANCE,"$30,696 ","8,728 miles"
325,0,2011,HONDA,PILOT,"$44,500 ","63,524 miles"
326,0,2010,HONDA,CR-V,"$44,500 ","83,600 miles"
327,0,2004,HONDA,CR-V,"$29,894 ","133,659 miles"
328,1,2014,HONDA,CR-V,"$18,995 ","21,831 miles"
329,0,2013,NISSAN,PATHFINDER,"$18,995 ","79,055 miles"
330,0,2015,TOYOTA,RAV4,"$14,995 ","13,901 miles"
331,0,2007,JEEP,GRAND CHEROKEE,"$14,995 ","77,794 miles"
332,0,2014,JEEP,PATRIOT,"$36,568 ","30,814 miles"
334,1,2014,HONDA,CR-V,"$16,998 ","37,554 miles"
336,1,2015,ACURA,RDX,"$20,990 ","16,892 miles"
338,1,2014,NISSAN,ROGUE,"$29,000 ","19,524 miles"
339,1,2017,MAZDA,CX-3 GRAND,"$29,000 ","6,000 miles"
341,0,2008,NISSAN,PATHFINDER,"$50,766 ","125,053 miles"
342,1,2014,HONDA,CR-V,"$17,980 ","19,202 miles"
343,1,2014,HONDA,CR-V,"$17,980 ","12,136 miles"
344,1,2015,BMW,X3,"$24,200 ","30,132 miles"
345,0,2014,HONDA,CR-V,"$24,200 ","49,637 miles"
346,1,2014,HONDA,CR-V,"$17,900 ","47,436 miles"
347,0,2014,NISSAN,ROGUE,"$17,900 ","25,643 miles"
348,1,2015,MAZDA,CX-5,"$9,995 ","40,892 miles"
350,0,2011,LEXUS,RX,"$31,991 ","51,888 miles"
351,0,2005,BMW,X3,"$20,695 ","114,701 miles"
352,1,2015,HONDA,PILOT,"$20,695 ","32,806 miles"
353,0,2013,TOYOTA,RAV4 LIMITED,"$7,333 ","27,800 miles"
354,0,2015,HONDA,CR-V,"$7,333 ","49,510 miles"
355,0,2016,MAZDA,CX-5,"$27,495 ","28,394 miles"
358,1,2016,ACURA,MDX,"$23,000 ","53,325 miles"
360,0,2011,NISSAN,ROGUE,"$21,483 ","37,604 miles"
361,0,2012,MERCEDES-BENZ,M-CLASS ML 350,"$21,483 ","76,517 miles"
362,0,2014,MAZDA,CX-9 GRAND,"$58,900 ","31,992 miles"
363,0,2015,JEEP,GRAND CHEROKEE,"$31,900 ","38,312 miles"
364,0,2013,NISSAN,ROGUE,"$31,900 ","66,980 miles"
365,0,2011,HONDA,CR-V,"$12,933 ","66,999 miles"
366,1,2015,HONDA,CR-V,"$12,933 ","44,903 miles"
367,1,2014,BMW,X5,"$13,993 ","29,481 miles"
368,0,2010,ACURA,MDX,"$13,993 ","82,813 miles"
369,0,2014,NISSAN,ROGUE,"$18,398 ","33,220 miles"
370,0,2016,NISSAN,ROGUE,"$18,398 ","7,029 miles"
371,0,2011,ACURA,MDX,"$42,987 ","99,000 miles"
373,0,2015,MERCEDES-BENZ,GL-CLASS GL 350,"$18,296 ","29,833 miles"
374,0,2014,ACURA,MDX,"$18,296 ","72,485 miles"
376,0,2016,BMW,X6,"$13,991 ","7,118 miles"
377,1,2014,HONDA,CR-V,"$16,633 ","35,613 miles"
378,0,2013,LEXUS,LX,"$39,995 ","114,170 miles"
379,0,2013,MERCEDES-BENZ,M-CLASS ML 350,"$39,995 ","77,277 miles"
380,0,2011,BMW,X5 XDRIVE35I,"$26,990 ","73,701 miles"
381,0,2018,BMW,X4,"$26,990 ","6,202 miles"
382,1,2015,BMW,X5,"$16,999 ","27,846 miles"
383,0,2014,DODGE,DURANGO,"$16,999 ","33,889 miles"
385,0,2008,BMW,X3,"$58,987 ","98,652 miles"
386,0,2012,FORD,EXPLORER,"$46,136 ","95,949 miles"
387,0,2013,AUDI,Q5 PREMIUM,"$46,136 ","69,579 miles"
388,0,2014,JEEP,WRANGLER UNLIMITED,"$33,991 ","26,811 miles"
389,1,2015,LEXUS,NX,"$33,991 ","30,416 miles"
390,1,2017,BMW,X1,"$25,995 ","8,740 miles"
391,0,2017,NISSAN,ROGUE,"$25,995 ","1,002 miles"
393,0,2015,FORD,ESCAPE,"$18,661 ","50,948 miles"
394,0,2015,JEEP,PATRIOT,"$18,661 ","12,242 miles"
396,0,2017,FORD,EXPLORER LIMITED,"$16,991 ","39,232 miles"
397,0,2015,AUDI,Q5 PREMIUM,"$45,495 ","40,554 miles"
398,0,2014,NISSAN,JUKE,"$45,495 ","19,555 miles"
400,0,2010,FORD,FLEX,"$32,495 ","155,911 miles"
401,0,2015,FORD,ESCAPE,"$29,500 ","64,234 miles"
402,0,2015,JEEP,GRAND CHEROKEE,"$29,500 ","30,755 miles"
403,0,2014,NISSAN,PATHFINDER HYBRID,"$13,995 ","41,260 miles"
404,0,2015,TOYOTA,HIGHLANDER,"$13,995 ","25,869 miles"
405,0,2012,JEEP,WRANGLER,"$24,495 ","36,774 miles"
406,0,2014,NISSAN,PATHFINDER,"$24,495 ","42,613 miles"
407,0,2017,JEEP,RENEGADE,"$8,995 ","14,812 miles"
408,0,2015,JEEP,CHEROKEE LIMITED,"$20,990 ","28,027 miles"
409,0,2014,NISSAN,PATHFINDER,"$20,990 ","50,606 miles"
410,0,2016,JEEP,RENEGADE,"$19,995 ","18,328 miles"
411,0,2017,HONDA,CR-V,"$19,995 ","7,980 miles"
412,0,2014,TOYOTA,HIGHLANDER,"$16,995 ","143,521 miles"
413,1,2014,CHEVROLET,TAHOE,"$16,995 ","68,299 miles"
414,0,2006,HONDA,ELEMENT,"$28,776 ","144,394 miles"
415,0,2017,BMW,X3,"$28,776 ","6,090 miles"
416,0,2015,TOYOTA,HIGHLANDER,"$19,980 ","25,140 miles"
417,0,2015,TOYOTA,RAV4 LIMITED,"$19,980 ","22,682 miles"
418,0,2015,TOYOTA,RAV4 LIMITED,"$32,655 ","32,490 miles"
419,0,2017,BMW,X3,"$32,655 ","2,584 miles"
420,0,2015,DODGE,JOURNEY,"$7,999 ","40,074 miles"
422,0,2017,MERCEDES-BENZ,GLS 450,"$36,888 ","1,590 miles"
423,0,2010,JEEP,GRAND CHEROKEE,"$13,082 ","83,920 miles"
424,0,2017,JEEP,CHEROKEE,"$13,082 ","13,372 miles"
426,0,2014,TOYOTA,RAV4,"$24,991 ","21,676 miles"
427,0,2017,NISSAN,ROGUE,"$33,995 ","16,785 miles"
428,0,2014,JEEP,GRAND CHEROKEE LIMITED,"$33,995 ","60,430 miles"
429,1,2017,ACURA,MDX,"$19,992 ","4,197 miles"
430,1,2015,ACURA,MDX,"$19,992 ","30,885 miles"
432,0,2009,MERCEDES-BENZ,M-CLASS ML 350,"$22,880 ","131,183 miles"
434,0,2013,DODGE,DURANGO,"$44,660 ","38,847 miles"
435,0,2016,TOYOTA,HIGHLANDER,"$44,660 ","15,128 miles"
436,0,2016,FORD,EDGE,"$34,500 ","48,149 miles"
437,0,2014,JEEP,PATRIOT,"$16,197 ","25,242 miles"
438,0,2014,HONDA,CR-V,"$16,197 ","33,450 miles"
439,0,2017,DODGE,JOURNEY,"$15,995 ","11,157 miles"
440,0,2014,JEEP,GRAND CHEROKEE,"$15,995 ","29,614 miles"
441,1,2017,BMW,X6,"$21,991 ","6,209 miles"
442,0,2012,MERCEDES-BENZ,R-CLASS R 350,"$21,991 ","72,212 miles"
443,1,2014,HONDA,CR-V,"$25,495 ","36,821 miles"
444,0,2012,JEEP,GRAND CHEROKEE,"$25,495 ","80,691 miles"
446,0,2016,MAZDA,CX-5,"$69,888 ","16,249 miles"
447,0,2015,JEEP,WRANGLER,"$17,990 ","30,000 miles"
448,1,2016,HONDA,CR-V,"$17,990 ","16,766 miles"
449,0,2014,HONDA,CR-V,"$15,588 ","48,403 miles"
450,1,2017,DODGE,DURANGO,"$15,588 ","12,521 miles"
451,0,2017,MERCEDES-BENZ,GLE 350,"$19,988 ","9,405 miles"
452,0,2008,TOYOTA,4RUNNER,"$11,995 ","128,101 miles"
453,1,2015,BMW,X3,"$11,995 ","17,247 miles"
455,1,2015,ACURA,MDX ADVANCE,"$33,970 ","43,571 miles"
456,0,2013,CHEVROLET,TRAVERSE LT,"$33,970 ","64,431 miles"
457,0,2016,NISSAN,PATHFINDER,"$69,900 ","25,373 miles"
460,1,2015,CHEVROLET,TRAVERSE LT,"$36,580 ","31,127 miles"
461,0,2012,CHEVROLET,TAHOE,"$20,992 ","74,169 miles"
462,0,2014,JEEP,GRAND CHEROKEE,"$20,992 ","54,503 miles"
463,0,2014,NISSAN,JUKE NISMO,"$29,095 ","48,793 miles"
464,0,2015,JEEP,GRAND CHEROKEE LIMITED,"$29,095 ","36,300 miles"
465,0,2015,NISSAN,ROGUE SELECT,"$18,999 ","26,413 miles"
466,1,2015,MERCEDES-BENZ,GLA 250,"$30,750 ","40,977 miles"
467,0,2014,TOYOTA,RAV4,"$30,750 ","40,813 miles"
469,0,2014,MERCEDES-BENZ,GL-CLASS GL 550,"$16,995 ","48,185 miles"
470,0,2015,FORD,EXPLORER,"$23,995 ","40,218 miles"
471,1,2015,ACURA,RDX,"$23,995 ","45,525 miles"
472,0,2015,TOYOTA,HIGHLANDER LE,"$51,991 ","32,982 miles"
473,1,2014,MAZDA,CX-5 GRAND,"$51,991 ","56,874 miles"
474,0,2011,JEEP,LIBERTY,"$26,995 ","60,727 miles"
475,0,2017,NISSAN,JUKE,"$26,995 ","7,307 miles"
476,0,2013,BMW,X6,"$27,580 ","73,997 miles"
477,1,2014,BMW,X3,"$27,992 ","47,707 miles"
478,0,2016,VOLVO,XC90 T6,"$27,992 ","11,515 miles"
479,0,2015,TOYOTA,RAV4 LIMITED,"$17,900 ","47,634 miles"
480,0,2017,CHEVROLET,TRAX,"$17,551 ","15,882 miles"
481,0,2016,NISSAN,ROGUE,"$17,551 ","31,002 miles"
484,0,2012,NISSAN,XTERRA,"$18,999 ","72,462 miles"
485,0,2012,NISSAN,ROGUE,"$18,999 ","53,922 miles"
486,0,2014,MERCEDES-BENZ,G-CLASS AMG G 63,"$25,995 ","45,001 miles"
487,0,2014,JEEP,CHEROKEE,"$17,995 ","29,889 miles"
488,0,2015,BMW,X4,"$10,995 ","22,913 miles"
489,0,2015,JEEP,WRANGLER UNLIMITED,"$10,995 ","17,900 miles"
490,0,2012,BMW,X6,"$7,995 ","53,390 miles"
491,0,2011,TOYOTA,RAV4,"$7,995 ","26,016 miles"
492,0,2007,HONDA,ELEMENT,"$99,000 ","154,186 miles"
493,0,2011,JEEP,GRAND CHEROKEE,"$19,488 ","51,981 miles"
494,0,2010,TOYOTA,HIGHLANDER,"$19,488 ","112,005 miles"
495,0,2015,HONDA,PILOT,"$10,995 ","42,360 miles"
497,0,2014,JEEP,CHEROKEE,"$26,890 ","42,385 miles"
498,1,2015,LEXUS,RX,"$26,890 ","26,116 miles"
499,1,2014,BMW,X5,"$18,880 ","48,424 miles"
500,0,2015,NISSAN,ROGUE,"$18,880 ","24,445 miles"
501,0,2015,NISSAN,ARMADA PLATINUM,"$21,574 ","17,164 miles"
502,0,2015,JEEP,COMPASS,"$21,574 ","31,321 miles"
503,0,2011,HONDA,PILOT,"$33,998 ","125,501 miles"
505,0,2015,JEEP,CHEROKEE,"$41,888 ","89,979 miles"
506,0,2013,FORD,FLEX,"$41,888 ","67,086 miles"
507,0,2014,JEEP,GRAND CHEROKEE LIMITED,"$24,985 ","102,681 miles"
509,0,2014,JEEP,PATRIOT,"$10,980 ","26,693 miles"
511,0,2013,TOYOTA,RAV4,"$14,995 ","31,760 miles"
512,0,2011,HONDA,PILOT,"$29,990 ","96,226 miles"
514,0,2016,NISSAN,PATHFINDER,"$17,500 ","12,453 miles"
515,0,2015,JEEP,WRANGLER UNLIMITED,"$17,500 ","30,201 miles"
517,0,2016,NISSAN,MURANO,"$14,995 ","33,545 miles"
518,0,2015,TOYOTA,HIGHLANDER,"$16,990 ","33,749 miles"
521,0,2015,JEEP,WRANGLER UNLIMITED,"$27,495 ","38,573 miles"
523,0,2017,BMW,X1,"$39,890 ","4,286 miles"
524,0,2014,JEEP,CHEROKEE,"$39,890 ","30,628 miles"
525,0,2017,JEEP,PATRIOT,"$22,995 ",49 miles
527,0,2014,JEEP,GRAND CHEROKEE,"$16,991 ","39,989 miles"
528,0,2011,HONDA,CR-V,"$16,991 ","67,486 miles"
530,0,2016,FORD,ESCAPE,"$18,843 ","26,298 miles"
531,0,2015,NISSAN,ROGUE,"$29,551 ","44,042 miles"
532,0,2014,NISSAN,ROGUE,"$29,551 ","37,823 miles"
533,0,2015,NISSAN,ROGUE,"$14,988 ","31,853 miles"
534,1,2015,NISSAN,ROGUE,"$14,988 ","36,273 miles"
535,0,2010,JEEP,WRANGLER,"$8,995 ","86,258 miles"
536,0,2014,NISSAN,MURANO,"$8,995 ","28,970 miles"
537,0,2011,MERCEDES-BENZ,GL-CLASS GL 450,"$21,995 ","87,248 miles"
539,0,2015,NISSAN,JUKE,"$13,488 ","25,055 miles"
540,0,2014,JEEP,GRAND CHEROKEE,"$16,995 ","33,562 miles"
541,0,2011,CHEVROLET,TAHOE,"$16,995 ","131,528 miles"
542,0,2013,NISSAN,ROGUE,"$28,992 ","16,666 miles"
543,0,2015,NISSAN,JUKE,"$28,992 ","57,489 miles"
544,0,2014,JEEP,GRAND CHEROKEE LIMITED,"$20,995 ","46,594 miles"
546,0,2014,NISSAN,MURANO,"$16,495 ","35,792 miles"
547,1,2015,ACURA,MDX,"$16,495 ","34,550 miles"
548,0,2015,JEEP,GRAND CHEROKEE,"$15,992 ","49,628 miles"
549,1,2016,NISSAN,ROGUE,"$15,992 ","22,736 miles"
550,0,2013,BMW,X5,"$26,877 ","59,659 miles"
551,0,2013,TOYOTA,HIGHLANDER,"$26,877 ","74,460 miles"
552,0,2010,HONDA,ACCORD CROSSTOUR,"$17,980 ","96,997 miles"
553,0,2016,NISSAN,ROGUE,"$48,490 ","23,249 miles"
555,0,2016,BMW,X6,"$20,495 ","17,079 miles"
556,0,2015,JEEP,WRANGLER UNLIMITED,"$28,992 ","21,791 miles"
557,0,2015,BMW,X6,"$28,992 ","12,220 miles"
558,0,2016,MAZDA,CX-5 GRAND,"$47,795 ","36,180 miles"
559,0,2017,BMW,X1,"$47,795 ","2,640 miles"
560,0,2013,LEXUS,LX,"$32,992 ","51,218 miles"
563,1,2014,JEEP,GRAND CHEROKEE LIMITED,"$53,210 ","58,352 miles"
564,0,2012,TOYOTA,HIGHLANDER,"$23,974 ","69,549 miles"
565,0,2016,JEEP,CHEROKEE LIMITED,"$23,974 ","23,925 miles"
566,0,2012,NISSAN,ROGUE,"$39,888 ","73,225 miles"
568,0,2012,JEEP,GRAND CHEROKEE,"$6,775 ","74,259 miles"
569,0,2017,DODGE,DURANGO,"$17,655 ","2,305 miles"
570,0,2017,MERCEDES-BENZ,GLE 350,"$36,680 ","3,958 miles"
572,0,2014,LEXUS,GX 460,"$36,991 ","31,993 miles"
573,0,2015,JEEP,CHEROKEE,"$36,991 ","32,604 miles"
574,0,2014,JEEP,CHEROKEE LIMITED,"$61,086 ","54,026 miles"
575,0,2012,NISSAN,PATHFINDER,"$42,300 ","77,822 miles"
576,0,2015,JEEP,WRANGLER UNLIMITED,"$42,300 ","50,489 miles"
577,1,2015,MAZDA,CX-5,"$36,897 ","25,989 miles"
578,0,2015,NISSAN,ROGUE,"$36,897 ","17,485 miles"
579,0,2014,JEEP,GRAND CHEROKEE,"$25,992 ","50,669 miles"
580,1,2014,HONDA,CR-V,"$16,899 ","40,364 miles"
581,1,2017,ACURA,MDX,"$16,899 ","5,122 miles"
582,0,2014,NISSAN,PATHFINDER,"$41,800 ","53,271 miles"
583,0,2015,MAZDA,CX-5,"$26,995 ","38,169 miles"
585,0,2014,NISSAN,ROGUE SELECT,"$20,095 ","28,891 miles"
586,0,2017,MERCEDES-BENZ,GLE 350,"$15,991 ","3,833 miles"
587,0,2015,NISSAN,ROGUE,"$15,991 ","33,138 miles"
589,0,2016,TOYOTA,HIGHLANDER LE,"$16,488 ","12,346 miles"
590,1,2014,HONDA,CR-V,"$28,970 ","18,311 miles"
591,0,2015,NISSAN,ROGUE,"$28,970 ","24,013 miles"
592,0,2015,LEXUS,GX 460,"$14,223 ","34,898 miles"
593,1,2017,BMW,X3,"$45,980 ","4,498 miles"
594,1,2014,NISSAN,ROGUE,"$45,980 ","41,431 miles"
597,0,2010,TOYOTA,RAV4 LIMITED,"$17,827 ","43,694 miles"
598,0,2015,JEEP,GRAND CHEROKEE,"$17,827 ","45,368 miles"
599,0,2014,NISSAN,PATHFINDER,"$22,995 ","36,301 miles"
600,1,2015,LEXUS,RX 350,"$14,995 ","31,498 miles"
601,1,2016,FORD,EXPEDITION EL,"$14,995 ","35,650 miles"
602,0,2017,CHEVROLET,EQUINOX,"$28,422 ","33,403 miles"
603,0,2015,CHEVROLET,TAHOE,"$28,422 ","50,523 miles"
604,1,2014,HONDA,CR-V,"$29,441 ","41,993 miles"
605,0,2016,NISSAN,ROGUE,"$29,441 ","11,565 miles"
606,0,2013,MERCEDES-BENZ,GL-CLASS GL 550,"$18,495 ","30,053 miles"
607,0,2015,TOYOTA,RAV4,"$17,653 ","17,492 miles"
609,1,2014,MAZDA,CX-9,"$42,990 ","41,904 miles"
610,0,2014,NISSAN,ROGUE,"$42,990 ","24,475 miles"
611,0,2016,FORD,EDGE,"$20,974 ","51,708 miles"
612,0,2014,JEEP,WRANGLER UNLIMITED,"$20,974 ","30,571 miles"
613,1,2016,LEXUS,GX 460,"$19,995 ","9,141 miles"
615,0,2017,JEEP,CHEROKEE,"$23,461 ","31,630 miles"
616,1,2015,BMW,X5,"$23,461 ","35,983 miles"
617,0,2015,JEEP,WRANGLER UNLIMITED,"$26,991 ","32,649 miles"
618,1,2014,HONDA,CR-V,"$26,991 ","33,929 miles"
619,0,2014,TOYOTA,RAV4,"$47,495 ","41,548 miles"
620,1,2017,BMW,X3,"$47,495 ","6,967 miles"
622,1,2015,BMW,X6,"$57,995 ","31,505 miles"
623,1,2016,NISSAN,PATHFINDER,"$15,991 ","34,924 miles"
624,0,2013,HONDA,PILOT,"$15,991 ","90,919 miles"
626,1,2015,NISSAN,ROGUE,"$25,985 ","36,728 miles"
627,1,2017,ACURA,MDX,"$17,813 ","5,145 miles"
628,0,2012,JEEP,LIBERTY,"$17,813 ","79,167 miles"
629,0,2016,JEEP,PATRIOT,"$24,980 ","48,901 miles"
630,1,2016,MAZDA,CX-5 GRAND,"$24,980 ","36,128 miles"
631,0,2014,NISSAN,ROGUE SELECT,"$17,980 ","23,403 miles"
632,0,2017,NISSAN,PATHFINDER,"$17,980 ","10,814 miles"
633,0,2014,NISSAN,ROGUE,"$41,700 ","19,823 miles"
634,0,2005,LEXUS,RX,"$41,700 ","83,179 miles"
637,0,2013,LEXUS,RX,"$22,999 ","61,919 miles"
638,1,2016,MAZDA,CX-5 GRAND,"$24,995 ","4,148 miles"
639,0,2017,JEEP,GRAND CHEROKEE,"$24,995 ","11,675 miles"
640,0,2016,NISSAN,ROGUE,"$25,900 ","19,808 miles"
641,1,2015,BMW,X4,"$25,900 ","31,008 miles"
643,0,2015,JEEP,GRAND CHEROKEE LIMITED,"$41,000 ","38,155 miles"
646,0,2016,LEXUS,GX,"$35,999 ","15,175 miles"
648,0,2016,MERCEDES-BENZ,GLE 400,"$16,999 ","4,724 miles"
649,0,2015,NISSAN,ROGUE,"$16,999 ","22,344 miles"
650,1,2015,BMW,X5,"$41,888 ","45,124 miles"
651,0,2017,DODGE,DURANGO,"$41,888 ","11,562 miles"
652,0,2017,BMW,X1,"$46,991 ","6,586 miles"
653,0,2008,NISSAN,ROGUE,"$46,991 ","75,162 miles"
654,0,2015,DODGE,DURANGO,"$41,495 ","22,257 miles"
656,0,2015,HONDA,PILOT,"$8,988 ","22,089 miles"
657,0,2013,MAZDA,CX-5,"$8,988 ","68,740 miles"
658,0,2017,MERCEDES-BENZ,GLS 450,"$30,991 ","7,395 miles"
659,1,2017,ACURA,MDX,"$30,991 ","4,685 miles"
660,0,2015,NISSAN,ROGUE,"$46,900 ","28,947 miles"
661,0,2015,NISSAN,ARMADA PLATINUM,"$46,900 ","23,119 miles"
662,1,2014,HONDA,CR-V,"$26,995 ","51,325 miles"
663,0,2017,TOYOTA,4RUNNER LIMITED,"$26,995 ","15,276 miles"
665,0,2012,TOYOTA,FJ,"$25,988 ","74,668 miles"
666,0,2015,NISSAN,MURANO,"$25,988 ","19,712 miles"
669,1,2015,HONDA,CR-V,"$71,888 ","39,337 miles"
670,0,2012,CHEVROLET,TRAVERSE LT,"$71,888 ","107,506 miles"
671,0,2007,CHEVROLET,TRAILBLAZER,"$9,999 ","153,860 miles"
672,0,2016,JEEP,GRAND CHEROKEE,"$9,999 ","15,061 miles"
673,0,2016,NISSAN,ROGUE,"$17,497 ","34,887 miles"
674,1,2015,BMW,X3,"$11,988 ","21,225 miles"
675,1,2017,BMW,X1,"$11,988 ","6,176 miles"
676,1,2015,LEXUS,GX 460,"$4,295 ","35,066 miles"
677,1,2015,ACURA,RDX,"$4,295 ","31,340 miles"
678,0,2013,MERCEDES-BENZ,GL-CLASS GL 450,"$32,991 ","64,918 miles"
680,1,2017,BMW,X5,"$16,980 ","10,230 miles"
682,0,2016,JEEP,CHEROKEE,"$26,790 ","7,921 miles"
683,0,2015,JEEP,WRANGLER UNLIMITED,"$26,790 ","26,656 miles"
685,0,2015,NISSAN,ROGUE,"$24,990 ","81,954 miles"
686,0,2013,FORD,EXPLORER,"$18,995 ","48,839 miles"
687,0,2017,BMW,X3,"$18,995 ","6,085 miles"
689,1,2016,MAZDA,CX-5 GRAND,"$24,995 ","10,187 miles"
690,0,2014,NISSAN,ROGUE,"$13,886 ","36,107 miles"
691,0,2015,MAZDA,CX-5,"$13,886 ","41,565 miles"
692,0,2016,JEEP,PATRIOT,"$12,980 ","21,196 miles"
693,0,2013,HONDA,CR-V,"$18,896 ","20,096 miles"
694,0,2016,FORD,ESCAPE,"$18,896 ","31,125 miles"
696,0,2012,NISSAN,ROGUE,"$19,489 ","86,351 miles"
698,1,2015,ACURA,MDX,"$14,588 ","21,614 miles"
699,0,2014,FORD,EXPLORER,"$15,995 ","79,287 miles"
700,1,2015,ACURA,MDX,"$15,995 ","28,665 miles"
702,0,2017,AUDI,Q3 PREMIUM,"$61,900 ","10,213 miles"
703,0,2017,MERCEDES-BENZ,GLE 350,"$36,400 ","5,804 miles"
706,0,2015,BMW,X5,"$18,999 ","42,780 miles"
707,0,2015,NISSAN,ROGUE,"$34,400 ","40,554 miles"
708,1,2017,JEEP,COMPASS,"$12,995 ","13,232 miles"
709,0,2014,NISSAN,JUKE,"$18,988 ","47,338 miles"
710,0,2011,JEEP,WRANGLER UNLIMITED,"$10,995 ","36,240 miles"
711,0,2015,AUDI,Q5,"$10,995 ","28,703 miles"
712,1,2016,MAZDA,CX-5 GRAND,"$28,568 ","30,684 miles"
713,0,2017,MERCEDES-BENZ,GLA 250,"$28,568 ","17,379 miles"
714,0,2013,BMW,X3,"$30,991 ","91,376 miles"
715,0,2013,JEEP,WRANGLER UNLIMITED FREEDOM,"$30,991 ","46,400 miles"
716,0,2015,DODGE,DURANGO,"$31,000 ","70,846 miles"
717,0,2015,JEEP,CHEROKEE LIMITED,"$31,000 ","33,459 miles"
719,1,2016,ACURA,MDX,"$24,500 ","19,525 miles"
720,0,2013,JEEP,GRAND CHEROKEE LIMITED,"$22,991 ","30,300 miles"
721,0,2015,MAZDA,CX-5 GRAND,"$22,991 ","30,244 miles"
722,0,2008,FORD,EDGE,"$17,995 ","95,108 miles"
724,0,2014,TOYOTA,RAV4,"$9,495 ","40,451 miles"
725,0,2013,JEEP,GRAND CHEROKEE LIMITED,"$9,495 ","38,318 miles"
726,0,2015,CHEVROLET,EQUINOX LT,"$15,513 ","32,462 miles"
727,0,2014,NISSAN,JUKE,"$15,513 ","38,212 miles"
728,0,2015,NISSAN,ROGUE,"$19,992 ","15,327 miles"
729,1,2015,MAZDA,CX-5 GRAND,"$19,992 ","36,387 miles"
730,0,2015,NISSAN,ROGUE SELECT,"$25,991 ","18,087 miles"
731,0,2015,NISSAN,ROGUE,"$25,991 ","41,443 miles"
732,0,2011,FORD,EDGE,"$21,900 ","57,958 miles"
733,0,2013,DODGE,DURANGO,"$21,900 ","95,350 miles"
734,1,2016,CHEVROLET,EQUINOX,"$15,995 ","41,573 miles"
735,1,2014,HONDA,CR-V,"$18,380 ","36,944 miles"
736,0,2009,BMW,X5,"$18,380 ","93,090 miles"
737,0,2016,JEEP,CHEROKEE,"$19,595 ","34,092 miles"
738,0,2015,NISSAN,ROGUE,"$17,981 ","23,348 miles"
739,0,2015,FORD,EXPLORER,"$17,981 ","45,489 miles"
740,0,2015,JEEP,COMPASS,"$34,980 ","35,862 miles"
743,1,2015,JEEP,GRAND CHEROKEE,"$16,995 ","38,210 miles"
745,0,2009,NISSAN,MURANO,"$21,991 ","91,632 miles"
746,0,2015,NISSAN,ARMADA PLATINUM,"$16,991 ","17,803 miles"
747,0,2016,ACURA,MDX,"$16,991 ","23,160 miles"
748,1,2015,BMW,X4,"$28,470 ","26,734 miles"
749,1,2015,BMW,X5,"$43,995 ","38,150 miles"
750,0,2014,CHEVROLET,TRAVERSE LT,"$43,995 ","33,079 miles"
751,0,2014,BMW,X6,"$23,997 ","51,400 miles"
753,0,2017,JEEP,GRAND CHEROKEE LIMITED,"$34,900 ","6,724 miles"
754,0,2017,CHEVROLET,TAHOE,"$34,900 ","4,275 miles"
755,1,2017,BMW,X5 XDRIVE40E,"$26,980 ","5,064 miles"
756,0,2015,NISSAN,ROGUE,"$26,980 ","26,859 miles"
757,0,2015,NISSAN,ROGUE,"$61,950 ","42,215 miles"
758,0,2015,TOYOTA,4RUNNER,"$61,950 ","51,762 miles"
759,0,2017,NISSAN,ARMADA PLATINUM,"$36,991 ","17,502 miles"
760,0,2014,BMW,X5,"$36,991 ","39,001 miles"
761,0,2017,JEEP,PATRIOT,"$49,995 ","21,205 miles"
763,0,2015,NISSAN,ROGUE,"$54,900 ","28,415 miles"
765,0,2017,NISSAN,ROGUE,"$44,995 ","12,394 miles"
766,0,2006,HONDA,PILOT,"$44,995 ","102,120 miles"
767,1,2015,ACURA,RDX,"$52,490 ","40,773 miles"
768,1,2014,BMW,X5,"$52,490 ","38,501 miles"
770,0,2007,BMW,X3,"$19,495 ","148,750 miles"
772,1,2014,HONDA,CR-V,"$8,995 ","33,100 miles"
773,1,2015,BMW,X1,"$27,980 ","41,447 miles"
774,0,2016,NISSAN,PATHFINDER,"$27,980 ","36,597 miles"
775,0,2015,NISSAN,ROGUE,"$38,407 ","31,996 miles"
776,1,2012,FORD,EXPLORER,"$15,988 ","55,102 miles"
777,1,2014,BMW,X3,"$15,988 ","44,460 miles"
778,1,2017,BMW,X1,"$27,816 ","7,210 miles"
779,0,2015,FORD,EXPLORER LIMITED,"$27,816 ","44,995 miles"
781,0,2014,JEEP,GRAND CHEROKEE LIMITED,"$36,998 ","36,525 miles"
782,0,2015,NISSAN,ROGUE,"$27,997 ","41,355 miles"
783,0,2015,TOYOTA,RAV4,"$27,997 ","26,218 miles"
784,0,2015,AUDI,Q5 PREMIUM,"$18,900 ","39,063 miles"
785,0,2013,MERCEDES-BENZ,GL-CLASS GL 550,"$18,900 ","85,059 miles"
786,0,2017,BMW,X3,"$26,992 ","9,232 miles"
787,0,2010,HONDA,CR-V,"$26,992 ","56,107 miles"
788,0,2010,NISSAN,MURANO,"$20,995 ","85,370 miles"
791,1,2015,ACURA,MDX,"$34,997 ","35,440 miles"
792,0,2017,NISSAN,ARMADA,"$34,997 ","15,156 miles"
793,1,2016,JEEP,COMPASS,"$32,995 ","35,464 miles"
794,1,2014,TOYOTA,HIGHLANDER,"$32,995 ","28,218 miles"
795,0,2014,JEEP,COMPASS,"$14,988 ","44,522 miles"
797,0,2016,DODGE,JOURNEY,"$30,993 ","21,223 miles"
798,1,2015,BMW,X1,"$30,993 ","22,489 miles"
799,0,2015,NISSAN,ROGUE,"$15,991 ","41,136 miles"
800,0,2017,BMW,X1,"$15,991 ","4,452 miles"
801,0,2014,NISSAN,ROGUE,"$92,125 ","43,225 miles"
802,0,2015,BMW,X5,"$92,125 ","60,119 miles"
803,0,2015,HONDA,PILOT,"$18,997 ","45,948 miles"
804,0,2017,DODGE,JOURNEY,"$18,997 ","24,596 miles"
805,0,2015,DODGE,DURANGO,"$28,998 ","38,533 miles"
806,0,2016,DODGE,DURANGO,"$28,995 ","42,212 miles"
807,1,2015,ACURA,MDX,"$28,995 ","34,293 miles"
808,0,2017,JEEP,COMPASS,"$35,980 ","27,876 miles"
809,0,2015,TOYOTA,RAV4,"$35,980 ","10,956 miles"
810,0,2016,BMW,X4,"$21,997 ","13,814 miles"
811,1,2015,ACURA,RDX,"$21,997 ","22,653 miles"
812,0,2017,CHEVROLET,TAHOE,"$21,992 ","13,432 miles"
813,0,2017,BMW,X3,"$21,992 ","2,896 miles"
814,0,2016,NISSAN,PATHFINDER,"$44,777 ","16,555 miles"
815,0,2015,ACURA,MDX,"$44,777 ","35,746 miles"
816,0,2015,JEEP,GRAND CHEROKEE LIMITED,"$28,970 ","34,896 miles"
819,0,2014,JEEP,GRAND CHEROKEE LIMITED,"$52,000 ","46,802 miles"
820,0,2015,JEEP,CHEROKEE,"$45,890 ","30,039 miles"
821,1,2014,HONDA,ACCORD CROSSTOUR,"$22,199 ","52,510 miles"
822,0,2015,NISSAN,ROGUE SELECT,"$22,199 ","22,605 miles"
823,0,2010,MERCEDES-BENZ,GL-CLASS GL 450,"$14,995 ","96,693 miles"
824,0,2016,DODGE,DURANGO,"$16,985 ","13,656 miles"
825,0,2015,NISSAN,ROGUE,"$16,985 ","34,299 miles"
827,0,2017,BMW,X1,"$16,933 ","4,777 miles"
828,0,2013,MERCEDES-BENZ,GL-CLASS GL 450,"$29,991 ","71,241 miles"
829,0,2013,ACURA,RDX,"$29,991 ","47,434 miles"
830,0,2017,DODGE,JOURNEY,"$15,999 ","29,312 miles"
831,1,2015,MAZDA,CX-5,"$15,999 ","25,700 miles"
832,0,2016,NISSAN,ROGUE,"$17,713 ","23,923 miles"
833,0,2015,JEEP,GRAND CHEROKEE LIMITED,"$17,713 ","40,058 miles"
834,0,2013,HONDA,PILOT,"$37,998 ","79,790 miles"
835,0,2014,LEXUS,GX 460,"$42,992 ","22,493 miles"
836,1,2015,HONDA,PILOT,"$42,992 ","31,837 miles"
837,0,2016,NISSAN,ROGUE,"$24,413 ","17,937 miles"
840,0,2014,NISSAN,PATHFINDER,"$25,495 ","36,683 miles"
842,0,2014,NISSAN,ROGUE SELECT,"$66,900 ","33,919 miles"
843,1,2017,BMW,X6,"$78,030 ","7,076 miles"
844,1,2015,HONDA,CR-V,"$78,030 ","25,721 miles"
845,0,2016,ACURA,MDX,"$25,933 ","21,457 miles"
846,0,2012,NISSAN,MURANO,"$25,933 ","59,944 miles"
847,0,2015,NISSAN,ARMADA PLATINUM,"$39,488 ","20,854 miles"
848,1,2016,CHEVROLET,TRAX LS,"$39,488 ","30,828 miles"
849,0,2015,TOYOTA,RAV4,"$13,900 ","7,401 miles"
850,0,2014,JEEP,CHEROKEE LIMITED,"$17,995 ","53,330 miles"
851,1,2015,ACURA,MDX,"$17,995 ","27,768 miles"
853,1,2014,TOYOTA,RAV4,"$36,780 ","29,565 miles"
854,1,2017,MAZDA,CX-5 GRAND,"$40,300 ","3,325 miles"
856,0,2006,HONDA,PILOT,"$19,995 ","158,061 miles"
857,1,2015,LEXUS,GX 460,"$19,995 ","28,352 miles"
858,1,2015,TOYOTA,4RUNNER LIMITED,"$29,974 ","22,614 miles"
859,0,2015,HONDA,ACCORD CROSSTOUR,"$29,974 ","38,419 miles"
860,0,2016,JEEP,GRAND CHEROKEE HIGH,"$12,991 ","24,565 miles"
861,0,2014,JEEP,WRANGLER,"$12,991 ","38,476 miles"
862,0,2015,TOYOTA,HIGHLANDER,"$5,588 ","47,539 miles"
863,0,2010,HONDA,CR-V,"$5,588 ","49,354 miles"
864,0,2015,NISSAN,ROGUE,"$38,996 ","14,286 miles"
865,1,2015,MERCEDES-BENZ,M-CLASS ML 350,"$38,486 ","25,316 miles"
867,0,2017,JEEP,GRAND CHEROKEE LIMITED,"$54,300 ","3,039 miles"
868,0,2012,JEEP,LIBERTY LIMITED JET,"$32,870 ","64,636 miles"
869,0,2013,DODGE,DURANGO,"$32,870 ","54,204 miles"
870,0,2013,FORD,EXPLORER,"$37,991 ","80,459 miles"
871,0,2015,TOYOTA,RAV4 LIMITED,"$17,991 ","32,901 miles"
872,1,2014,BMW,X1,"$17,991 ","29,029 miles"
873,1,2014,BMW,X1,"$19,497 ","18,249 miles"
875,0,2014,LEXUS,GX 460,"$13,993 ","36,702 miles"
876,0,2015,JEEP,GRAND CHEROKEE LIMITED,"$13,993 ","47,321 miles"
877,0,2015,AUDI,Q5,"$14,988 ","32,214 miles"
879,0,2015,NISSAN,ROGUE,"$24,500 ","24,607 miles"
880,0,2017,BMW,X6,"$17,995 ","18,370 miles"
881,1,2015,HONDA,PILOT,"$17,995 ","47,086 miles"
882,0,2017,JEEP,RENEGADE,"$64,999 ","2,023 miles"
883,1,2015,MAZDA,CX-5 GRAND,"$27,413 ","47,025 miles"
884,1,2017,BMW,X5,"$27,413 ","4,502 miles"
886,0,2016,CHEVROLET,TAHOE,"$23,960 ","39,291 miles"
887,1,2015,BMW,X1,"$19,991 ","38,569 miles"
888,0,2015,NISSAN,ROGUE,"$19,991 ","35,347 miles"
889,1,2015,MAZDA,CX-5,"$20,974 ","30,205 miles"
891,0,2011,LEXUS,RX 350,"$59,880 ","82,202 miles"
892,1,2014,JEEP,GRAND CHEROKEE,"$23,988 ","50,541 miles"
893,1,2016,FORD,EXPLORER,"$23,988 ","51,186 miles"
894,0,2014,NISSAN,MURANO,"$34,988 ","37,716 miles"
895,0,2011,NISSAN,ROGUE,"$34,988 ","62,692 miles"
896,0,2014,BMW,X1,"$21,974 ","35,316 miles"
897,0,2016,NISSAN,ROGUE,"$21,974 ","21,217 miles"
898,0,2015,AUDI,Q7 PREMIUM,"$9,999 ","24,740 miles"
899,0,2015,JEEP,GRAND CHEROKEE LIMITED,"$9,999 ","15,576 miles"
900,0,2014,BMW,X6,"$20,988 ","65,941 miles"
901,0,2014,HONDA,CR-V,"$20,988 ","35,852 miles"
903,0,2015,FORD,ESCAPE,"$15,995 ","29,438 miles"
904,0,2017,DODGE,JOURNEY,"$41,790 ","12,253 miles"
905,0,2015,JEEP,CHEROKEE,"$41,790 ","49,744 miles"
906,0,2017,AUDI,Q7,"$32,992 ","5,305 miles"
907,0,2008,JEEP,LIBERTY,"$10,995 ","69,020 miles"
908,0,2015,NISSAN,JUKE,"$10,995 ","21,035 miles"
909,0,2010,NISSAN,ROGUE,"$15,987 ","55,390 miles"
910,0,2016,MERCEDES-BENZ,GLC 300,"$15,987 ","5,856 miles"
911,0,2015,JEEP,GRAND CHEROKEE LIMITED,"$11,495 ","40,953 miles"
912,0,2014,NISSAN,PATHFINDER,"$11,495 ","49,790 miles"
913,1,2017,JEEP,GRAND CHEROKEE,"$37,995 ","3,635 miles"
914,0,2012,DODGE,JOURNEY,"$37,995 ","63,800 miles"
915,0,2010,HONDA,CR-V,"$27,922 ","118,259 miles"
916,1,2015,ACURA,MDX,"$27,922 ","25,573 miles"
917,0,2013,JEEP,GRAND CHEROKEE,"$18,995 ","40,838 miles"
920,1,2014,HONDA,CR-V,"$37,988 ","31,731 miles"
921,0,2015,BMW,X5,"$13,700 ","32,690 miles"
922,0,2012,JEEP,PATRIOT,"$10,488 ","85,478 miles"
923,0,2016,JEEP,CHEROKEE,"$10,488 ","33,697 miles"
924,0,2017,CHEVROLET,TAHOE,"$22,992 ","25,546 miles"
925,0,2017,BMW,X1,"$22,992 ","5,578 miles"
926,0,2008,JEEP,WRANGLER,"$42,990 ","66,358 miles"
927,0,2015,NISSAN,ROGUE,"$39,890 ","33,893 miles"
929,0,2015,NISSAN,ROGUE,"$16,995 ","22,358 miles"
930,1,2015,ACURA,RDX,"$16,995 ","37,751 miles"
931,0,2010,NISSAN,MURANO,"$32,500 ","69,419 miles"
932,0,2017,BMW,X3,"$32,500 ","4,904 miles"
933,0,2016,NISSAN,PATHFINDER,"$19,495 ","23,775 miles"
934,0,2015,NISSAN,ROGUE,"$19,495 ","32,484 miles"
935,1,2015,TOYOTA,HIGHLANDER,"$29,500 ","41,804 miles"
936,1,2015,HONDA,PILOT,"$29,500 ","28,283 miles"
937,0,2017,MAZDA,CX-9,"$25,980 ","4,277 miles"
938,1,2015,MAZDA,CX-5 GRAND,"$25,980 ","29,950 miles"
939,0,2015,TOYOTA,HIGHLANDER,"$38,999 ","42,348 miles"
940,0,2008,JEEP,GRAND CHEROKEE LIMITED,"$38,999 ","78,112 miles"
941,0,2015,NISSAN,ROGUE,"$21,500 ","30,523 miles"
942,0,2017,CHEVROLET,TAHOE,"$31,992 ","15,873 miles"
943,0,2016,JEEP,RENEGADE,"$31,992 ","46,910 miles"
944,0,2015,JEEP,PATRIOT,"$13,988 ","54,159 miles"
945,0,2017,VOLVO,XC90 T5,"$13,988 ","7,715 miles"
946,1,2015,BMW,X1,"$33,890 ","26,318 miles"
947,1,2013,ACURA,RDX,"$33,890 ","66,769 miles"
948,0,2015,AUDI,Q7 PREMIUM,"$17,495 ","42,341 miles"
949,0,2016,JEEP,RENEGADE,"$16,694 ","46,910 miles"
950,0,2015,JEEP,PATRIOT,"$16,694 ","54,159 miles"
951,0,2017,VOLVO,XC90 T5,"$12,999 ","7,715 miles"
952,1,2015,BMW,X1,"$12,999 ","26,318 miles"
953,1,2013,ACURA,RDX,"$41,995 ","66,769 miles"
954,0,2015,AUDI,Q7 PREMIUM,"$41,995 ","42,341 miles"
955,0,2015,JEEP,GRAND CHEROKEE,"$26,655 ","33,835 miles"
956,0,2011,NISSAN,MURANO,"$26,655 ","86,745 miles"
957,1,2017,BMW,X3,"$21,400 ","24,280 miles"
958,1,2015,ACURA,MDX,"$21,400 ","31,990 miles"
959,0,2012,DODGE,JOURNEY,"$44,500 ","86,121 miles"
960,0,2010,MERCEDES-BENZ,GL-CLASS GL 350,"$44,500 ","82,829 miles"
961,0,2010,NISSAN,ROGUE,"$43,995 ","90,543 miles"
962,1,2015,ACURA,RDX,"$43,995 ","42,025 miles"
963,1,2017,BMW,X1,"$13,474 ","7,164 miles"
964,0,2016,JEEP,RENEGADE,"$16,694 ","46,910 miles"
965,0,2015,JEEP,PATRIOT,"$16,694 ","54,159 miles"
966,0,2017,VOLVO,XC90 T5,"$12,999 ","7,715 miles"
967,1,2015,BMW,X1,"$12,999 ","26,318 miles"
968,1,2013,ACURA,RDX,"$41,995 ","66,769 miles"
969,0,2015,AUDI,Q7 PREMIUM,"$41,995 ","42,341 miles"
970,0,2015,JEEP,GRAND CHEROKEE,"$26,655 ","33,835 miles"
971,0,2011,NISSAN,MURANO,"$26,655 ","86,745 miles"
972,1,2017,BMW,X3,"$21,400 ","24,280 miles"
973,1,2015,ACURA,MDX,"$21,400 ","31,990 miles"
974,0,2012,DODGE,JOURNEY,"$44,500 ","86,121 miles"
975,0,2010,MERCEDES-BENZ,GL-CLASS GL 350,"$44,500 ","82,829 miles"
976,0,2010,NISSAN,ROGUE,"$43,995 ","90,543 miles"
977,1,2015,ACURA,RDX,"$43,995 ","42,025 miles"
978,1,2017,BMW,X1,"$13,474 ","7,164 miles"
979,0,2016,JEEP,RENEGADE,"$16,694 ","46,910 miles"
980,0,2015,JEEP,PATRIOT,"$16,694 ","54,159 miles"
981,0,2017,VOLVO,XC90 T5,"$12,999 ","7,715 miles"
982,1,2015,BMW,X1,"$12,999 ","26,318 miles"
983,1,2013,ACURA,RDX,"$41,995 ","66,769 miles"
984,0,2015,AUDI,Q7 PREMIUM,"$41,995 ","42,341 miles"
985,0,2015,JEEP,GRAND CHEROKEE,"$26,655 ","33,835 miles"
986,0,2011,NISSAN,MURANO,"$26,655 ","86,745 miles"
987,1,2017,BMW,X3,"$21,400 ","24,280 miles"
988,1,2015,ACURA,MDX,"$21,400 ","31,990 miles"
989,0,2012,DODGE,JOURNEY,"$44,500 ","86,121 miles"
990,0,2010,MERCEDES-BENZ,GL-CLASS GL 350,"$44,500 ","82,829 miles"
991,0,2010,NISSAN,ROGUE,"$43,995 ","90,543 miles"
992,1,2015,ACURA,RDX,"$43,995 ","42,025 miles"
993,1,2017,BMW,X1,"$13,474 ","7,164 miles"
994,0,2016,JEEP,RENEGADE,"$16,694 ","46,910 miles"
995,0,2015,JEEP,PATRIOT,"$16,694 ","54,159 miles"
996,0,2017,VOLVO,XC90 T5,"$12,999 ","7,715 miles"
997,1,2015,BMW,X1,"$12,999 ","26,318 miles"
998,1,2013,ACURA,RDX,"$41,995 ","66,769 miles"
999,0,2015,AUDI,Q7 PREMIUM,"$41,995 ","42,341 miles"
1000,0,2015,JEEP,GRAND CHEROKEE,"$26,655 ","33,835 miles"
1001,0,2011,NISSAN,MURANO,"$26,655 ","86,745 miles"
1002,1,2017,BMW,X3,"$21,400 ","24,280 miles"
1003,1,2015,ACURA,MDX,"$21,400 ","31,990 miles"
1004,0,2012,DODGE,JOURNEY,"$44,500 ","86,121 miles"
1005,0,2010,MERCEDES-BENZ,GL-CLASS GL 350,"$44,500 ","82,829 miles"
1006,0,2010,NISSAN,ROGUE,"$43,995 ","90,543 miles"
1007,1,2015,ACURA,RDX,"$43,995 ","42,025 miles"
1008,1,2017,BMW,X1,"$13,474 ","7,164 miles"
1009,0,2016,JEEP,RENEGADE,"$16,694 ","46,910 miles"
1010,0,2015,JEEP,PATRIOT,"$16,694 ","54,159 miles"
1011,0,2017,VOLVO,XC90 T5,"$12,999 ","7,715 miles"
1012,1,2015,BMW,X1,"$12,999 ","26,318 miles"
1013,1,2013,ACURA,RDX,"$41,995 ","66,769 miles"
1014,0,2015,AUDI,Q7 PREMIUM,"$41,995 ","42,341 miles"
1015,0,2015,JEEP,GRAND CHEROKEE,"$26,655 ","33,835 miles"
1016,0,2011,NISSAN,MURANO,"$26,655 ","86,745 miles"
1017,1,2017,BMW,X3,"$21,400 ","24,280 miles"
1018,1,2015,ACURA,MDX,"$21,400 ","31,990 miles"
1019,0,2012,DODGE,JOURNEY,"$44,500 ","86,121 miles"
1020,0,2010,MERCEDES-BENZ,GL-CLASS GL 350,"$44,500 ","82,829 miles"
1021,0,2010,NISSAN,ROGUE,"$43,995 ","90,543 miles"
1022,1,2015,ACURA,RDX,"$43,995 ","42,025 miles"
1023,1,2017,BMW,X1,"$13,474 ","7,164 miles"
1024,0,2016,JEEP,RENEGADE,"$16,694 ","46,910 miles"
1025,0,2015,JEEP,PATRIOT,"$16,694 ","54,159 miles"
1026,0,2017,VOLVO,XC90 T5,"$12,999 ","7,715 miles"
1027,1,2015,BMW,X1,"$12,999 ","26,318 miles"
1028,1,2013,ACURA,RDX,"$41,995 ","66,769 miles"
1029,0,2015,AUDI,Q7 PREMIUM,"$41,995 ","42,341 miles"
1030,0,2015,JEEP,GRAND CHEROKEE,"$26,655 ","33,835 miles"
1031,0,2011,NISSAN,MURANO,"$26,655 ","86,745 miles"
1032,1,2017,BMW,X3,"$21,400 ","24,280 miles"
1033,1,2015,ACURA,MDX,"$21,400 ","31,990 miles"
1034,0,2012,DODGE,JOURNEY,"$44,500 ","86,121 miles"
1035,0,2010,MERCEDES-BENZ,GL-CLASS GL 350,"$44,500 ","82,829 miles"
1036,0,2010,NISSAN,ROGUE,"$43,995 ","90,543 miles"
1037,1,2015,ACURA,RDX,"$43,995 ","42,025 miles"
1038,1,2017,BMW,X1,"$13,474 ","7,164 miles"
1039,0,2016,JEEP,RENEGADE,"$16,694 ","46,910 miles"
1040,0,2015,JEEP,PATRIOT,"$16,694 ","54,159 miles"
1041,0,2017,VOLVO,XC90 T5,"$12,999 ","7,715 miles"
1042,1,2015,BMW,X1,"$12,999 ","26,318 miles"
1043,1,2013,ACURA,RDX,"$41,995 ","66,769 miles"
1044,0,2015,AUDI,Q7 PREMIUM,"$41,995 ","42,341 miles"
1045,0,2015,JEEP,GRAND CHEROKEE,"$26,655 ","33,835 miles"
1046,0,2011,NISSAN,MURANO,"$26,655 ","86,745 miles"
1047,1,2017,BMW,X3,"$21,400 ","24,280 miles"
1048,1,2015,ACURA,MDX,"$21,400 ","31,990 miles"
1049,0,2012,DODGE,JOURNEY,"$44,500 ","86,121 miles"
1050,0,2010,MERCEDES-BENZ,GL-CLASS GL 350,"$44,500 ","82,829 miles"
1051,0,2010,NISSAN,ROGUE,"$43,995 ","90,543 miles"
1052,1,2015,ACURA,RDX,"$43,995 ","42,025 miles"
1053,1,2017,BMW,X1,"$13,474 ","7,164 miles"
1054,0,2016,JEEP,RENEGADE,"$16,694 ","46,910 miles"
1055,0,2015,JEEP,PATRIOT,"$16,694 ","54,159 miles"
1056,0,2017,VOLVO,XC90 T5,"$12,999 ","7,715 miles"
1057,1,2015,BMW,X1,"$12,999 ","26,318 miles"
1058,1,2013,ACURA,RDX,"$41,995 ","66,769 miles"
1059,0,2015,AUDI,Q7 PREMIUM,"$41,995 ","42,341 miles"
1060,0,2015,JEEP,GRAND CHEROKEE,"$26,655 ","33,835 miles"
1061,0,2011,NISSAN,MURANO,"$26,655 ","86,745 miles"
1062,1,2017,BMW,X3,"$21,400 ","24,280 miles"
1063,1,2015,ACURA,MDX,"$21,400 ","31,990 miles"
1064,0,2012,DODGE,JOURNEY,"$44,500 ","86,121 miles"
1065,0,2010,MERCEDES-BENZ,GL-CLASS GL 350,"$44,500 ","82,829 miles"
1066,0,2010,NISSAN,ROGUE,"$43,995 ","90,543 miles"
1067,1,2015,ACURA,RDX,"$43,995 ","42,025 miles"
1068,1,2017,BMW,X1,"$13,474 ","7,164 miles"
1069,0,2016,JEEP,RENEGADE,"$16,694 ","46,910 miles"
1070,0,2015,JEEP,PATRIOT,"$16,694 ","54,159 miles"
1071,0,2017,VOLVO,XC90 T5,"$12,999 ","7,715 miles"
1072,1,2015,BMW,X1,"$12,999 ","26,318 miles"
1073,1,2013,ACURA,RDX,"$41,995 ","66,769 miles"
1074,0,2015,AUDI,Q7 PREMIUM,"$41,995 ","42,341 miles"
1075,0,2015,JEEP,GRAND CHEROKEE,"$26,655 ","33,835 miles"
1076,0,2011,NISSAN,MURANO,"$26,655 ","86,745 miles"
1077,1,2017,BMW,X3,"$21,400 ","24,280 miles"
1078,1,2015,ACURA,MDX,"$21,400 ","31,990 miles"
1079,0,2012,DODGE,JOURNEY,"$44,500 ","86,121 miles"
1080,0,2010,MERCEDES-BENZ,GL-CLASS GL 350,"$44,500 ","82,829 miles"
1081,0,2010,NISSAN,ROGUE,"$43,995 ","90,543 miles"
1082,1,2015,ACURA,RDX,"$43,995 ","42,025 miles"
1083,1,2017,BMW,X1,"$13,474 ","7,164 miles"
1084,0,2016,JEEP,RENEGADE,"$16,694 ","46,910 miles"
1085,0,2015,JEEP,PATRIOT,"$16,694 ","54,159 miles"
1086,0,2017,VOLVO,XC90 T5,"$12,999 ","7,715 miles"
1087,1,2015,BMW,X1,"$12,999 ","26,318 miles"
1088,1,2013,ACURA,RDX,"$41,995 ","66,769 miles"
1089,0,2015,AUDI,Q7 PREMIUM,"$41,995 ","42,341 miles"
1090,0,2015,JEEP,GRAND CHEROKEE,"$26,655 ","33,835 miles"
1091,0,2011,NISSAN,MURANO,"$26,655 ","86,745 miles"
1092,1,2017,BMW,X3,"$21,400 ","24,280 miles"
1093,1,2015,ACURA,MDX,"$21,400 ","31,990 miles"
1094,0,2012,DODGE,JOURNEY,"$44,500 ","86,121 miles"
1095,0,2010,MERCEDES-BENZ,GL-CLASS GL 350,"$44,500 ","82,829 miles"
1096,0,2010,NISSAN,ROGUE,"$43,995 ","90,543 miles"
1097,1,2015,ACURA,RDX,"$43,995 ","42,025 miles"
1098,1,2017,BMW,X1,"$13,474 ","7,164 miles"
1099,0,2016,JEEP,RENEGADE,"$16,694 ","46,910 miles"
1100,0,2015,JEEP,PATRIOT,"$16,694 ","54,159 miles"
1101,0,2017,VOLVO,XC90 T5,"$12,999 ","7,715 miles"
1102,1,2015,BMW,X1,"$12,999 ","26,318 miles"
1103,1,2013,ACURA,RDX,"$41,995 ","66,769 miles"
1104,0,2015,AUDI,Q7 PREMIUM,"$41,995 ","42,341 miles"
1105,0,2015,JEEP,GRAND CHEROKEE,"$26,655 ","33,835 miles"
1106,0,2011,NISSAN,MURANO,"$26,655 ","86,745 miles"
1107,1,2017,BMW,X3,"$21,400 ","24,280 miles"
1108,1,2015,ACURA,MDX,"$21,400 ","31,990 miles"
1109,0,2012,DODGE,JOURNEY,"$44,500 ","86,121 miles"
1110,0,2010,MERCEDES-BENZ,GL-CLASS GL 350,"$44,500 ","82,829 miles"
1111,0,2010,NISSAN,ROGUE,"$43,995 ","90,543 miles"
1112,1,2015,ACURA,RDX,"$43,995 ","42,025 miles"
1113,1,2017,BMW,X1,"$13,474 ","7,164 miles"
1114,0,2016,JEEP,RENEGADE,"$16,694 ","46,910 miles"
1115,0,2015,JEEP,PATRIOT,"$16,694 ","54,159 miles"
1116,0,2017,VOLVO,XC90 T5,"$12,999 ","7,715 miles"
1117,1,2015,BMW,X1,"$12,999 ","26,318 miles"
1118,1,2013,ACURA,RDX,"$41,995 ","66,769 miles"
1119,0,2015,AUDI,Q7 PREMIUM,"$41,995 ","42,341 miles"
1120,0,2015,JEEP,GRAND CHEROKEE,"$26,655 ","33,835 miles"
1121,0,2011,NISSAN,MURANO,"$26,655 ","86,745 miles"
1122,1,2017,BMW,X3,"$21,400 ","24,280 miles"
1123,1,2015,ACURA,MDX,"$21,400 ","31,990 miles"
1124,0,2012,DODGE,JOURNEY,"$44,500 ","86,121 miles"
1125,0,2010,MERCEDES-BENZ,GL-CLASS GL 350,"$44,500 ","82,829 miles"
1126,0,2010,NISSAN,ROGUE,"$43,995 ","90,543 miles"
1127,1,2015,ACURA,RDX,"$43,995 ","42,025 miles"
1128,1,2017,BMW,X1,"$13,474 ","7,164 miles"
1129,0,2016,JEEP,RENEGADE,"$16,694 ","46,910 miles"
1130,0,2015,JEEP,PATRIOT,"$16,694 ","54,159 miles"
1131,0,2017,VOLVO,XC90 T5,"$12,999 ","7,715 miles"
1132,1,2015,BMW,X1,"$12,999 ","26,318 miles"
1133,1,2013,ACURA,RDX,"$41,995 ","66,769 miles"
1134,0,2015,AUDI,Q7 PREMIUM,"$41,995 ","42,341 miles"
1135,0,2015,JEEP,GRAND CHEROKEE,"$26,655 ","33,835 miles"
1136,0,2011,NISSAN,MURANO,"$26,655 ","86,745 miles"
1137,1,2017,BMW,X3,"$21,400 ","24,280 miles"
1138,1,2015,ACURA,MDX,"$21,400 ","31,990 miles"
1139,0,2012,DODGE,JOURNEY,"$44,500 ","86,121 miles"
1140,0,2010,MERCEDES-BENZ,GL-CLASS GL 350,"$44,500 ","82,829 miles"
1141,0,2010,NISSAN,ROGUE,"$43,995 ","90,543 miles"
1142,1,2015,ACURA,RDX,"$43,995 ","42,025 miles"
1143,1,2017,BMW,X1,"$13,474 ","7,164 miles"
1144,0,2016,JEEP,RENEGADE,"$16,694 ","46,910 miles"
1145,0,2015,JEEP,PATRIOT,"$16,694 ","54,159 miles"
1146,0,2017,VOLVO,XC90 T5,"$12,999 ","7,715 miles"
1147,1,2015,BMW,X1,"$12,999 ","26,318 miles"
1148,1,2013,ACURA,RDX,"$41,995 ","66,769 miles"
1149,0,2015,AUDI,Q7 PREMIUM,"$41,995 ","42,341 miles"
1150,0,2015,JEEP,GRAND CHEROKEE,"$26,655 ","33,835 miles"
1151,0,2011,NISSAN,MURANO,"$26,655 ","86,745 miles"
1152,1,2017,BMW,X3,"$21,400 ","24,280 miles"
1153,1,2015,ACURA,MDX,"$21,400 ","31,990 miles"
1154,0,2012,DODGE,JOURNEY,"$44,500 ","86,121 miles"
1155,0,2010,MERCEDES-BENZ,GL-CLASS GL 350,"$44,500 ","82,829 miles"
1156,0,2010,NISSAN,ROGUE,"$43,995 ","90,543 miles"
1157,1,2015,ACURA,RDX,"$43,995 ","42,025 miles"
1158,1,2017,BMW,X1,"$13,474 ","7,164 miles"
1159,0,2016,JEEP,RENEGADE,"$16,694 ","46,910 miles"
1160,0,2015,JEEP,PATRIOT,"$16,694 ","54,159 miles"
1161,0,2017,VOLVO,XC90 T5,"$12,999 ","7,715 miles"
1162,1,2015,BMW,X1,"$12,999 ","26,318 miles"
1163,1,2013,ACURA,RDX,"$41,995 ","66,769 miles"
1164,0,2015,AUDI,Q7 PREMIUM,"$41,995 ","42,341 miles"
1165,0,2015,JEEP,GRAND CHEROKEE,"$26,655 ","33,835 miles"
1166,0,2011,NISSAN,MURANO,"$26,655 ","86,745 miles"
1167,1,2017,BMW,X3,"$21,400 ","24,280 miles"
1168,1,2015,ACURA,MDX,"$21,400 ","31,990 miles"
1169,0,2012,DODGE,JOURNEY,"$44,500 ","86,121 miles"
1170,0,2010,MERCEDES-BENZ,GL-CLASS GL 350,"$44,500 ","82,829 miles"
1171,0,2010,NISSAN,ROGUE,"$43,995 ","90,543 miles"
1172,1,2015,ACURA,RDX,"$43,995 ","42,025 miles"
1173,1,2017,BMW,X1,"$13,474 ","7,164 miles"
1174,0,2016,JEEP,RENEGADE,"$16,694 ","46,910 miles"
1175,0,2015,JEEP,PATRIOT,"$16,694 ","54,159 miles"
1176,0,2017,VOLVO,XC90 T5,"$12,999 ","7,715 miles"
1177,1,2015,BMW,X1,"$12,999 ","26,318 miles"
1178,1,2013,ACURA,RDX,"$41,995 ","66,769 miles"
1179,0,2015,AUDI,Q7 PREMIUM,"$41,995 ","42,341 miles"
1180,0,2015,JEEP,GRAND CHEROKEE,"$26,655 ","33,835 miles"
1181,0,2011,NISSAN,MURANO,"$26,655 ","86,745 miles"
1182,1,2017,BMW,X3,"$21,400 ","24,280 miles"
1183,1,2015,ACURA,MDX,"$21,400 ","31,990 miles"
1184,0,2012,DODGE,JOURNEY,"$44,500 ","86,121 miles"
1185,0,2010,MERCEDES-BENZ,GL-CLASS GL 350,"$44,500 ","82,829 miles"
1186,0,2010,NISSAN,ROGUE,"$43,995 ","90,543 miles"
1187,1,2015,ACURA,RDX,"$43,995 ","42,025 miles"
1188,1,2017,BMW,X1,"$13,474 ","7,164 miles"
1189,0,2016,JEEP,RENEGADE,"$16,694 ","46,910 miles"
1190,0,2015,JEEP,PATRIOT,"$16,694 ","54,159 miles"
1191,0,2017,VOLVO,XC90 T5,"$12,999 ","7,715 miles"
1192,1,2015,BMW,X1,"$12,999 ","26,318 miles"
1193,1,2013,ACURA,RDX,"$41,995 ","66,769 miles"
1194,0,2015,AUDI,Q7 PREMIUM,"$41,995 ","42,341 miles"
1195,0,2015,JEEP,GRAND CHEROKEE,"$26,655 ","33,835 miles"
1196,0,2011,NISSAN,MURANO,"$26,655 ","86,745 miles"
1197,1,2017,BMW,X3,"$21,400 ","24,280 miles"
1198,1,2015,ACURA,MDX,"$21,400 ","31,990 miles"
1199,0,2012,DODGE,JOURNEY,"$44,500 ","86,121 miles"
1200,0,2010,MERCEDES-BENZ,GL-CLASS GL 350,"$44,500 ","82,829 miles"
1201,0,2010,NISSAN,ROGUE,"$43,995 ","90,543 miles"
1202,1,2015,ACURA,RDX,"$43,995 ","42,025 miles"
1203,1,2017,BMW,X1,"$13,474 ","7,164 miles"
1204,0,2016,JEEP,RENEGADE,"$16,694 ","46,910 miles"
1205,0,2015,JEEP,PATRIOT,"$16,694 ","54,159 miles"
1206,0,2017,VOLVO,XC90 T5,"$12,999 ","7,715 miles"
1207,1,2015,BMW,X1,"$12,999 ","26,318 miles"
1208,1,2013,ACURA,RDX,"$41,995 ","66,769 miles"
1209,0,2015,AUDI,Q7 PREMIUM,"$41,995 ","42,341 miles"
1210,0,2015,JEEP,GRAND CHEROKEE,"$26,655 ","33,835 miles"
1211,0,2011,NISSAN,MURANO,"$26,655 ","86,745 miles"
1212,1,2017,BMW,X3,"$21,400 ","24,280 miles"
1213,1,2015,ACURA,MDX,"$21,400 ","31,990 miles"
1214,0,2012,DODGE,JOURNEY,"$44,500 ","86,121 miles"
1215,0,2010,MERCEDES-BENZ,GL-CLASS GL 350,"$44,500 ","82,829 miles"
1216,0,2010,NISSAN,ROGUE,"$43,995 ","90,543 miles"
1217,1,2015,ACURA,RDX,"$43,995 ","42,025 miles"
1218,1,2017,BMW,X1,"$13,474 ","7,164 miles"
1219,0,2016,JEEP,RENEGADE,"$16,694 ","46,910 miles"
1220,0,2015,JEEP,PATRIOT,"$16,694 ","54,159 miles"
1221,0,2017,VOLVO,XC90 T5,"$12,999 ","7,715 miles"
1222,1,2015,BMW,X1,"$12,999 ","26,318 miles"
1223,1,2013,ACURA,RDX,"$41,995 ","66,769 miles"
1224,0,2015,AUDI,Q7 PREMIUM,"$41,995 ","42,341 miles"
1225,0,2015,JEEP,GRAND CHEROKEE,"$26,655 ","33,835 miles"
1226,0,2011,NISSAN,MURANO,"$26,655 ","86,745 miles"
1227,1,2017,BMW,X3,"$21,400 ","24,280 miles"
1228,1,2015,ACURA,MDX,"$21,400 ","31,990 miles"
1229,0,2012,DODGE,JOURNEY,"$44,500 ","86,121 miles"
1230,0,2010,MERCEDES-BENZ,GL-CLASS GL 350,"$44,500 ","82,829 miles"
1231,0,2010,NISSAN,ROGUE,"$43,995 ","90,543 miles"
1232,1,2015,ACURA,RDX,"$43,995 ","42,025 miles"
1233,1,2017,BMW,X1,"$13,474 ","7,164 miles"
1234,0,2016,JEEP,RENEGADE,"$16,694 ","46,910 miles"
1235,0,2015,JEEP,PATRIOT,"$16,694 ","54,159 miles"
1236,0,2017,VOLVO,XC90 T5,"$12,999 ","7,715 miles"
1237,1,2015,BMW,X1,"$12,999 ","26,318 miles"
1238,1,2013,ACURA,RDX,"$41,995 ","66,769 miles"
1239,0,2015,AUDI,Q7 PREMIUM,"$41,995 ","42,341 miles"
1240,0,2015,JEEP,GRAND CHEROKEE,"$26,655 ","33,835 miles"
1241,0,2011,NISSAN,MURANO,"$26,655 ","86,745 miles"
1242,1,2017,BMW,X3,"$21,400 ","24,280 miles"
1243,1,2015,ACURA,MDX,"$21,400 ","31,990 miles"
1244,0,2012,DODGE,JOURNEY,"$44,500 ","86,121 miles"
1245,0,2010,MERCEDES-BENZ,GL-CLASS GL 350,"$44,500 ","82,829 miles"
1246,0,2010,NISSAN,ROGUE,"$43,995 ","90,543 miles"
1247,1,2015,ACURA,RDX,"$43,995 ","42,025 miles"
1248,1,2017,BMW,X1,"$13,474 ","7,164 miles"
1249,0,2016,JEEP,RENEGADE,"$16,694 ","46,910 miles"
1250,0,2015,JEEP,PATRIOT,"$16,694 ","54,159 miles"
1251,0,2017,VOLVO,XC90 T5,"$12,999 ","7,715 miles"
1252,1,2015,BMW,X1,"$12,999 ","26,318 miles"
1253,1,2013,ACURA,RDX,"$41,995 ","66,769 miles"
1254,0,2015,AUDI,Q7 PREMIUM,"$41,995 ","42,341 miles"
1255,0,2015,JEEP,GRAND CHEROKEE,"$26,655 ","33,835 miles"
1256,0,2011,NISSAN,MURANO,"$26,655 ","86,745 miles"
1257,1,2017,BMW,X3,"$21,400 ","24,280 miles"
1258,1,2015,ACURA,MDX,"$21,400 ","31,990 miles"
1259,0,2012,DODGE,JOURNEY,"$44,500 ","86,121 miles"
1260,0,2010,MERCEDES-BENZ,GL-CLASS GL 350,"$44,500 ","82,829 miles"
1261,0,2010,NISSAN,ROGUE,"$43,995 ","90,543 miles"
1262,1,2015,ACURA,RDX,"$43,995 ","42,025 miles"
1263,1,2017,BMW,X1,"$13,474 ","7,164 miles"
1264,0,2016,JEEP,RENEGADE,"$16,694 ","46,910 miles"
1265,0,2015,JEEP,PATRIOT,"$16,694 ","54,159 miles"
1266,0,2017,VOLVO,XC90 T5,"$12,999 ","7,715 miles"
1267,1,2015,BMW,X1,"$12,999 ","26,318 miles"
1268,1,2013,ACURA,RDX,"$41,995 ","66,769 miles"
1269,0,2015,AUDI,Q7 PREMIUM,"$41,995 ","42,341 miles"
1270,0,2015,JEEP,GRAND CHEROKEE,"$26,655 ","33,835 miles"
1271,0,2011,NISSAN,MURANO,"$26,655 ","86,745 miles"
1272,1,2017,BMW,X3,"$21,400 ","24,280 miles"
1273,1,2015,ACURA,MDX,"$21,400 ","31,990 miles"
1274,0,2012,DODGE,JOURNEY,"$44,500 ","86,121 miles"
1275,0,2010,MERCEDES-BENZ,GL-CLASS GL 350,"$44,500 ","82,829 miles"
1276,0,2010,NISSAN,ROGUE,"$43,995 ","90,543 miles"
1277,1,2015,ACURA,RDX,"$43,995 ","42,025 miles"
1278,1,2017,BMW,X1,"$13,474 ","7,164 miles"
1279,0,2016,JEEP,RENEGADE,"$16,694 ","46,910 miles"
1280,0,2015,JEEP,PATRIOT,"$16,694 ","54,159 miles"
1281,0,2017,VOLVO,XC90 T5,"$12,999 ","7,715 miles"
1282,1,2015,BMW,X1,"$12,999 ","26,318 miles"
1283,1,2013,ACURA,RDX,"$41,995 ","66,769 miles"
1284,0,2015,AUDI,Q7 PREMIUM,"$41,995 ","42,341 miles"
1285,0,2015,JEEP,GRAND CHEROKEE,"$26,655 ","33,835 miles"
1286,0,2011,NISSAN,MURANO,"$26,655 ","86,745 miles"
1287,1,2017,BMW,X3,"$21,400 ","24,280 miles"
1288,1,2015,ACURA,MDX,"$21,400 ","31,990 miles"
1289,0,2012,DODGE,JOURNEY,"$44,500 ","86,121 miles"
1290,0,2010,MERCEDES-BENZ,GL-CLASS GL 350,"$44,500 ","82,829 miles"
1291,0,2010,NISSAN,ROGUE,"$43,995 ","90,543 miles"
1292,1,2015,ACURA,RDX,"$43,995 ","42,025 miles"
1293,1,2017,BMW,X1,"$13,474 ","7,164 miles"
1294,0,2016,JEEP,RENEGADE,"$16,694 ","46,910 miles"
1295,0,2015,JEEP,PATRIOT,"$16,694 ","54,159 miles"
1296,0,2017,VOLVO,XC90 T5,"$12,999 ","7,715 miles"
1297,1,2015,BMW,X1,"$12,999 ","26,318 miles"
1298,1,2013,ACURA,RDX,"$41,995 ","66,769 miles"
1299,0,2015,AUDI,Q7 PREMIUM,"$41,995 ","42,341 miles"
1300,0,2015,JEEP,GRAND CHEROKEE,"$26,655 ","33,835 miles"
1301,0,2011,NISSAN,MURANO,"$26,655 ","86,745 miles"
1302,1,2017,BMW,X3,"$21,400 ","24,280 miles"
1303,1,2015,ACURA,MDX,"$21,400 ","31,990 miles"
1304,0,2012,DODGE,JOURNEY,"$44,500 ","86,121 miles"
1305,0,2010,MERCEDES-BENZ,GL-CLASS GL 350,"$44,500 ","82,829 miles"
1306,0,2010,NISSAN,ROGUE,"$43,995 ","90,543 miles"
1307,1,2015,ACURA,RDX,"$43,995 ","42,025 miles"
1308,1,2017,BMW,X1,"$13,474 ","7,164 miles"
1309,0,2016,JEEP,RENEGADE,"$16,694 ","46,910 miles"
1310,0,2015,JEEP,PATRIOT,"$16,694 ","54,159 miles"
1311,0,2017,VOLVO,XC90 T5,"$12,999 ","7,715 miles"
1312,1,2015,BMW,X1,"$12,999 ","26,318 miles"
1313,1,2013,ACURA,RDX,"$41,995 ","66,769 miles"
1314,0,2015,AUDI,Q7 PREMIUM,"$41,995 ","42,341 miles"
1315,0,2015,JEEP,GRAND CHEROKEE,"$26,655 ","33,835 miles"
1316,0,2011,NISSAN,MURANO,"$26,655 ","86,745 miles"
1317,1,2017,BMW,X3,"$21,400 ","24,280 miles"
1318,1,2015,ACURA,MDX,"$21,400 ","31,990 miles"
1319,0,2012,DODGE,JOURNEY,"$44,500 ","86,121 miles"
1320,0,2010,MERCEDES-BENZ,GL-CLASS GL 350,"$44,500 ","82,829 miles"
1321,0,2010,NISSAN,ROGUE,"$43,995 ","90,543 miles"
1322,1,2015,ACURA,RDX,"$43,995 ","42,025 miles"
1323,1,2017,BMW,X1,"$13,474 ","7,164 miles"
1324,0,2016,JEEP,RENEGADE,"$16,694 ","46,910 miles"
1325,0,2015,JEEP,PATRIOT,"$16,694 ","54,159 miles"
1326,0,2017,VOLVO,XC90 T5,"$12,999 ","7,715 miles"
1327,1,2015,BMW,X1,"$12,999 ","26,318 miles"
1328,1,2013,ACURA,RDX,"$41,995 ","66,769 miles"
1329,0,2015,AUDI,Q7 PREMIUM,"$41,995 ","42,341 miles"
1330,0,2015,JEEP,GRAND CHEROKEE,"$26,655 ","33,835 miles"
1331,0,2011,NISSAN,MURANO,"$26,655 ","86,745 miles"
1332,1,2017,BMW,X3,"$21,400 ","24,280 miles"
1333,1,2015,ACURA,MDX,"$21,400 ","31,990 miles"
1334,0,2012,DODGE,JOURNEY,"$44,500 ","86,121 miles"
1335,0,2010,MERCEDES-BENZ,GL-CLASS GL 350,"$44,500 ","82,829 miles"
1336,0,2010,NISSAN,ROGUE,"$43,995 ","90,543 miles"
1337,1,2015,ACURA,RDX,"$43,995 ","42,025 miles"
1338,1,2017,BMW,X1,"$13,474 ","7,164 miles"
1339,0,2016,JEEP,RENEGADE,"$16,694 ","46,910 miles"
1340,0,2015,JEEP,PATRIOT,"$16,694 ","54,159 miles"
1341,0,2017,VOLVO,XC90 T5,"$12,999 ","7,715 miles"
1342,1,2015,BMW,X1,"$12,999 ","26,318 miles"
1343,1,2013,ACURA,RDX,"$41,995 ","66,769 miles"
1344,0,2015,AUDI,Q7 PREMIUM,"$41,995 ","42,341 miles"
1345,0,2015,JEEP,GRAND CHEROKEE,"$26,655 ","33,835 miles"
1346,0,2011,NISSAN,MURANO,"$26,655 ","86,745 miles"
1347,1,2017,BMW,X3,"$21,400 ","24,280 miles"
1348,1,2015,ACURA,MDX,"$21,400 ","31,990 miles"
1349,0,2012,DODGE,JOURNEY,"$44,500 ","86,121 miles"
1350,0,2010,MERCEDES-BENZ,GL-CLASS GL 350,"$44,500 ","82,829 miles"
1351,0,2010,NISSAN,ROGUE,"$43,995 ","90,543 miles"
1352,1,2015,ACURA,RDX,"$43,995 ","42,025 miles"
1353,1,2017,BMW,X1,"$13,474 ","7,164 miles"
1354,0,2016,JEEP,RENEGADE,"$16,694 ","46,910 miles"
1355,0,2015,JEEP,PATRIOT,"$16,694 ","54,159 miles"
1356,0,2017,VOLVO,XC90 T5,"$12,999 ","7,715 miles"
1357,1,2015,BMW,X1,"$12,999 ","26,318 miles"
1358,1,2013,ACURA,RDX,"$41,995 ","66,769 miles"
1359,0,2015,AUDI,Q7 PREMIUM,"$41,995 ","42,341 miles"
1360,0,2015,JEEP,GRAND CHEROKEE,"$26,655 ","33,835 miles"
1361,0,2011,NISSAN,MURANO,"$26,655 ","86,745 miles"
1362,1,2017,BMW,X3,"$21,400 ","24,280 miles"
1363,1,2015,ACURA,MDX,"$21,400 ","31,990 miles"
1364,0,2012,DODGE,JOURNEY,"$44,500 ","86,121 miles"
1365,0,2010,MERCEDES-BENZ,GL-CLASS GL 350,"$44,500 ","82,829 miles"
1366,0,2010,NISSAN,ROGUE,"$43,995 ","90,543 miles"
1367,1,2015,ACURA,RDX,"$43,995 ","42,025 miles"
1368,1,2017,BMW,X1,"$13,474 ","7,164 miles"
1369,0,2016,JEEP,RENEGADE,"$16,694 ","46,910 miles"
1370,0,2015,JEEP,PATRIOT,"$16,694 ","54,159 miles"
1371,0,2017,VOLVO,XC90 T5,"$12,999 ","7,715 miles"
1372,1,2015,BMW,X1,"$12,999 ","26,318 miles"
1373,1,2013,ACURA,RDX,"$41,995 ","66,769 miles"
1374,0,2015,AUDI,Q7 PREMIUM,"$41,995 ","42,341 miles"
1375,0,2015,JEEP,GRAND CHEROKEE,"$26,655 ","33,835 miles"
1376,0,2011,NISSAN,MURANO,"$26,655 ","86,745 miles"
1377,1,2017,BMW,X3,"$21,400 ","24,280 miles"
1378,1,2015,ACURA,MDX,"$21,400 ","31,990 miles"
1379,0,2012,DODGE,JOURNEY,"$44,500 ","86,121 miles"
1380,0,2010,MERCEDES-BENZ,GL-CLASS GL 350,"$44,500 ","82,829 miles"
1381,0,2010,NISSAN,ROGUE,"$43,995 ","90,543 miles"
1382,1,2015,ACURA,RDX,"$43,995 ","42,025 miles"
1383,1,2017,BMW,X1,"$13,474 ","7,164 miles"
1384,0,2016,JEEP,RENEGADE,"$16,694 ","46,910 miles"
1385,0,2015,JEEP,PATRIOT,"$16,694 ","54,159 miles"
1386,0,2017,VOLVO,XC90 T5,"$12,999 ","7,715 miles"
1387,1,2015,BMW,X1,"$12,999 ","26,318 miles"
1388,1,2013,ACURA,RDX,"$41,995 ","66,769 miles"
1389,0,2015,AUDI,Q7 PREMIUM,"$41,995 ","42,341 miles"
1390,0,2015,JEEP,GRAND CHEROKEE,"$26,655 ","33,835 miles"
1391,0,2011,NISSAN,MURANO,"$26,655 ","86,745 miles"
1392,1,2017,BMW,X3,"$21,400 ","24,280 miles"
1393,1,2015,ACURA,MDX,"$21,400 ","31,990 miles"
1394,0,2012,DODGE,JOURNEY,"$44,500 ","86,121 miles"
1395,0,2010,MERCEDES-BENZ,GL-CLASS GL 350,"$44,500 ","82,829 miles"
1396,0,2010,NISSAN,ROGUE,"$43,995 ","90,543 miles"
1397,1,2015,ACURA,RDX,"$43,995 ","42,025 miles"
1398,1,2017,BMW,X1,"$13,474 ","7,164 miles"
1399,0,2016,JEEP,RENEGADE,"$16,694 ","46,910 miles"
1400,0,2015,JEEP,PATRIOT,"$16,694 ","54,159 miles"
1401,0,2017,VOLVO,XC90 T5,"$12,999 ","7,715 miles"
1402,1,2015,BMW,X1,"$12,999 ","26,318 miles"
1403,1,2013,ACURA,RDX,"$41,995 ","66,769 miles"
1404,0,2015,AUDI,Q7 PREMIUM,"$41,995 ","42,341 miles"
1405,0,2015,JEEP,GRAND CHEROKEE,"$26,655 ","33,835 miles"
1406,0,2011,NISSAN,MURANO,"$26,655 ","86,745 miles"
1407,1,2017,BMW,X3,"$21,400 ","24,280 miles"
1408,1,2015,ACURA,MDX,"$21,400 ","31,990 miles"
1409,0,2012,DODGE,JOURNEY,"$44,500 ","86,121 miles"
1410,0,2010,MERCEDES-BENZ,GL-CLASS GL 350,"$44,500 ","82,829 miles"
1411,0,2010,NISSAN,ROGUE,"$43,995 ","90,543 miles"
1412,1,2015,ACURA,RDX,"$43,995 ","42,025 miles"
1413,1,2017,BMW,X1,"$13,474 ","7,164 miles"
1414,0,2016,JEEP,RENEGADE,"$16,694 ","46,910 miles"
1415,0,2015,JEEP,PATRIOT,"$16,694 ","54,159 miles"
1416,0,2017,VOLVO,XC90 T5,"$12,999 ","7,715 miles"
1417,1,2015,BMW,X1,"$12,999 ","26,318 miles"
1418,1,2013,ACURA,RDX,"$41,995 ","66,769 miles"
1419,0,2015,AUDI,Q7 PREMIUM,"$41,995 ","42,341 miles"
1420,0,2015,JEEP,GRAND CHEROKEE,"$26,655 ","33,835 miles"
1421,0,2011,NISSAN,MURANO,"$26,655 ","86,745 miles"
1422,1,2017,BMW,X3,"$21,400 ","24,280 miles"
1423,1,2015,ACURA,MDX,"$21,400 ","31,990 miles"
1424,0,2012,DODGE,JOURNEY,"$44,500 ","86,121 miles"
1425,0,2010,MERCEDES-BENZ,GL-CLASS GL 350,"$44,500 ","82,829 miles"
1426,0,2010,NISSAN,ROGUE,"$43,995 ","90,543 miles"
1427,1,2015,ACURA,RDX,"$43,995 ","42,025 miles"
1428,1,2017,BMW,X1,"$13,474 ","7,164 miles"
1429,0,2016,JEEP,RENEGADE,"$16,694 ","46,910 miles"
1430,0,2015,JEEP,PATRIOT,"$16,694 ","54,159 miles"
1431,0,2017,VOLVO,XC90 T5,"$12,999 ","7,715 miles"
1432,1,2015,BMW,X1,"$12,999 ","26,318 miles"
1433,1,2013,ACURA,RDX,"$41,995 ","66,769 miles"
1434,0,2015,AUDI,Q7 PREMIUM,"$41,995 ","42,341 miles"
1435,0,2015,JEEP,GRAND CHEROKEE,"$26,655 ","33,835 miles"
1436,0,2011,NISSAN,MURANO,"$26,655 ","86,745 miles"
1437,1,2017,BMW,X3,"$21,400 ","24,280 miles"
1438,1,2015,ACURA,MDX,"$21,400 ","31,990 miles"
1439,0,2012,DODGE,JOURNEY,"$44,500 ","86,121 miles"
1440,0,2010,MERCEDES-BENZ,GL-CLASS GL 350,"$44,500 ","82,829 miles"
1441,0,2010,NISSAN,ROGUE,"$43,995 ","90,543 miles"
1442,1,2015,ACURA,RDX,"$43,995 ","42,025 miles"
1443,1,2017,BMW,X1,"$13,474 ","7,164 miles"
